client_name,workload_name,endpoint_name,series,run,request_index,status_code,success,error_type,error_message,request_seconds,decode_seconds,total_seconds,payload_bytes,observation_count,result_count,allocated_bytes_current,allocated_bytes_peak,rss_delta_bytes
httpx,metadata_small,series,1,1,1,200,True,,,0.12940579099813476,5.3750001825392246e-05,0.1294716670017806,1036,,1.0,10700821,14996345,32768
httpx,metadata_small,series,1,1,2,200,True,,,0.08467866599676199,4.566700226860121e-05,0.08474129200476455,3159,,1.0,23172,76286,0
httpx,metadata_small,series,1,1,3,200,True,,,0.09794620799948461,4.466699465410784e-05,0.09800433299824363,4435,,1.0,25600,76278,0
httpx,metadata_small,series,1,1,4,200,True,,,0.07387500000186265,3.7999998312443495e-05,0.07392541599983815,1054,,1.0,19148,76272,0
httpx,metadata_small,series,1,1,5,200,True,,,0.13786379199882504,3.9792001189198345e-05,0.13791437500185566,2179,,1.0,21215,76274,0
httpx,metadata_small,series,1,1,6,200,True,,,0.09483412499685073,4.1207997128367424e-05,0.09488891699584201,930,,1.0,18869,76225,0
httpx,metadata_small,series,1,1,7,200,True,,,0.11099112499505281,3.462500171735883e-05,0.11103679100051522,666,,1.0,18043,76174,0
httpx,metadata_small,series,1,1,8,200,True,,,0.11741254200023832,3.5958000808022916e-05,0.11745920900284545,744,,1.0,18248,76227,0
httpx,metadata_small,series,1,1,9,200,True,,,0.09239304200309562,4.0374994568992406e-05,0.09244604199921014,911,,1.0,18859,76223,0
httpx,metadata_small,series,1,1,10,200,True,,,0.5895605410041753,3.316700167488307e-05,0.589604209002573,891,,1.0,18503,76178,0
httpx,metadata_small,series,1,2,1,200,True,,,0.14220375000149943,3.833300434052944e-05,0.14225270899623865,1036,,1.0,22789,80421,0
httpx,metadata_small,series,1,2,2,200,True,,,0.15527470799861476,4.2791994928848e-05,0.15532941700075753,3159,,1.0,23062,76184,0
httpx,metadata_small,series,1,2,3,200,True,,,0.12533883399737533,4.679199628299102e-05,0.12539712500438327,4435,,1.0,25506,76231,0
httpx,metadata_small,series,1,2,4,200,True,,,0.4448222089995397,4.225000157020986e-05,0.4448754170007305,1054,,1.0,19148,76225,0
httpx,metadata_small,series,1,2,5,200,True,,,0.09972020800341852,4.1125000279862434e-05,0.0997739999947953,2179,,1.0,21027,76133,0
httpx,metadata_small,series,1,2,6,200,True,,,0.09921625000424683,3.9917002141010016e-05,0.09926808399904985,930,,1.0,18916,76225,0
httpx,metadata_small,series,1,2,7,200,True,,,0.5677682079985971,3.879200085066259e-05,0.5678192080013105,666,,1.0,18929,77157,0
httpx,metadata_small,series,1,2,8,200,True,,,1.0415295409984537,4.004099901067093e-05,1.04158141699736,744,,1.0,18227,76230,0
httpx,metadata_small,series,1,2,9,200,True,,,0.33625358299468644,4.1250001231674105e-05,0.33630654199805576,911,,1.0,18765,76082,0
httpx,metadata_small,series,1,2,10,200,True,,,0.07622629099932965,3.154200385324657e-05,0.07626854200498201,891,,1.0,18409,76131,0
httpx,metadata_small,series,1,3,1,200,True,,,0.11866529200051446,4.212500061839819e-05,0.11872491700341925,1036,,1.0,22724,80356,0
httpx,metadata_small,series,1,3,2,200,True,,,0.09823041700292379,6.425000174203888e-05,0.09830712500115624,3159,,1.0,22968,76184,0
httpx,metadata_small,series,1,3,3,200,True,,,0.09091912500298349,4.9208996642846614e-05,0.09098070800246205,4435,,1.0,25459,76090,0
httpx,metadata_small,series,1,3,4,200,True,,,0.0882752499965136,5.879200034542009e-05,0.08835491700301645,1054,,1.0,19007,76178,0
httpx,metadata_small,series,1,3,5,200,True,,,0.07100670799991349,4.741599695989862e-05,0.07106550000025891,2179,,1.0,21027,76086,0
httpx,metadata_small,series,1,3,6,200,True,,,0.08653645800222876,4.337500286055729e-05,0.08659225000155857,930,,1.0,18775,76084,0
httpx,metadata_small,series,1,3,7,200,True,,,0.08142195800610352,4.7916000767145306e-05,0.08148112500202842,666,,1.0,17949,76080,0
httpx,metadata_small,series,1,3,8,200,True,,,0.11990270800015423,4.104199615539983e-05,0.11995575000037206,744,,1.0,18295,76227,0
httpx,metadata_small,series,1,3,9,200,True,,,0.11565912500373088,5.324999801814556e-05,0.11572700000397163,911,,1.0,18812,76176,0
httpx,metadata_small,series,1,3,10,200,True,,,0.08101045800140128,3.80830024369061e-05,0.08105987499584444,891,,1.0,18456,76084,0
httpx,metadata_small,series,2,1,1,200,True,,,0.1304097910033306,3.97080002585426e-05,0.1304614170003333,1036,,1.0,22636,80221,0
httpx,metadata_small,series,2,1,2,200,True,,,0.1669768749998184,4.170800093561411e-05,0.16703016700193984,3159,,1.0,22921,76090,0
httpx,metadata_small,series,2,1,3,200,True,,,0.1407584590051556,4.912500298814848e-05,0.14081925000209594,4435,,1.0,25412,76043,0
httpx,metadata_small,series,2,1,4,200,True,,,0.07604341599653708,6.012499943608418e-05,0.07611520800128346,1054,,1.0,18960,76131,0
httpx,metadata_small,series,2,1,5,200,True,,,0.09163929100031964,4.829200042877346e-05,0.09170045800419757,2179,,1.0,20980,76039,0
httpx,metadata_small,series,2,1,6,200,True,,,0.08023533399682492,4.225000157020986e-05,0.08028779100277461,930,,1.0,18775,76037,0
httpx,metadata_small,series,2,1,7,200,True,,,0.0788187080033822,4.5291999413166195e-05,0.07887541600211989,666,,1.0,17949,76080,0
httpx,metadata_small,series,2,1,8,200,True,,,0.17358987500483636,4.091700247954577e-05,0.17364279200410238,744,,1.0,18107,76039,0
httpx,metadata_small,series,2,1,9,200,True,,,0.07633691700175405,4.137499490752816e-05,0.07638916600262746,911,,1.0,18671,76035,0
httpx,metadata_small,series,2,1,10,200,True,,,0.07463529099914012,3.3166004868689924e-05,0.07467808300134493,891,,1.0,18409,76084,0
httpx,metadata_small,series,2,2,1,200,True,,,0.1345209999999497,3.508299414534122e-05,0.13456762499845354,1036,,1.0,22501,80086,0
httpx,metadata_small,series,2,2,2,200,True,,,0.09750275000260444,4.050000279676169e-05,0.09755375000531785,3159,,1.0,22921,76137,0
httpx,metadata_small,series,2,2,3,200,True,,,0.10586825000063982,4.504199750954285e-05,0.10592524999810848,4435,,1.0,25365,76137,0
httpx,metadata_small,series,2,2,4,200,True,,,0.0960784999988391,4.079199425177649e-05,0.09613050000189105,1054,,1.0,18960,76037,0
httpx,metadata_small,series,2,2,5,200,True,,,0.1453467079991242,4.3291998736094683e-05,0.14540104199841153,2179,,1.0,20980,76086,0
httpx,metadata_small,series,2,2,6,200,True,,,0.10103466699365526,4.73749969387427e-05,0.10109629199723713,930,,1.0,18775,76084,0
httpx,metadata_small,series,2,2,7,200,True,,,0.13783420900290366,8.487499871989712e-05,0.13793483399786055,666,,1.0,17949,76080,0
httpx,metadata_small,series,2,2,8,200,True,,,0.21679187500558328,3.962500341003761e-05,0.2168437090003863,744,,1.0,18060,76039,0
httpx,metadata_small,series,2,2,9,200,True,,,0.1316976669986616,4.929200076730922e-05,0.13175849999970524,911,,1.0,18718,76035,0
httpx,metadata_small,series,2,2,10,200,True,,,0.112871333003568,3.704099799506366e-05,0.11292304100061301,891,,1.0,18409,76131,0
httpx,metadata_small,series,2,3,1,200,True,,,0.15486179100116715,3.5707998904399574e-05,0.1549105000012787,1036,,1.0,22413,80045,0
httpx,metadata_small,series,2,3,2,200,True,,,0.3023298749976675,5.070800398243591e-05,0.3023932920041261,3159,,1.0,22968,76137,0
httpx,metadata_small,series,2,3,3,200,True,,,0.1071425000045565,3.891700180247426e-05,0.10719162500026869,4435,,1.0,25365,76043,0
httpx,metadata_small,series,2,3,4,200,True,,,0.11792662499647122,3.6833000194747e-05,0.1179732089949539,1054,,1.0,19752,77020,0
httpx,metadata_small,series,2,3,5,200,True,,,0.09703949999675388,4.441700002644211e-05,0.09709779100376181,2179,,1.0,20980,76086,0
httpx,metadata_small,series,2,3,6,200,True,,,0.0820681249970221,3.495800046948716e-05,0.0821120000036899,930,,1.0,18599,75908,0
httpx,metadata_small,series,2,3,7,200,True,,,0.18021537500317208,3.4249998861923814e-05,0.18026279200421413,666,,1.0,17949,76080,0
httpx,metadata_small,series,2,3,8,200,True,,,0.0774797080011922,3.679099609144032e-05,0.07752562500536442,744,,1.0,18060,76039,0
httpx,metadata_small,series,2,3,9,200,True,,,0.08602687499660533,5.5374999647028744e-05,0.08609583399811527,911,,1.0,18718,76082,0
httpx,metadata_small,series,2,3,10,200,True,,,0.08083929100394016,3.458299761405215e-05,0.0808854999995674,891,,1.0,18409,76084,0
httpx,metadata_small,series,3,1,1,200,True,,,0.17117754200444324,3.416600520722568e-05,0.17122316700260853,1036,,1.0,22254,79980,0
httpx,metadata_small,series,3,1,2,200,True,,,0.10163345799810486,4.333300603320822e-05,0.10168766599963419,3159,,1.0,22968,76090,0
httpx,metadata_small,series,3,1,3,200,True,,,0.0737532499988447,4.975000047124922e-05,0.0738136250001844,4435,,1.0,25412,76090,0
httpx,metadata_small,series,3,1,4,200,True,,,0.08075775000179419,5.458299710880965e-05,0.08082333399943309,1054,,1.0,18960,76084,0
httpx,metadata_small,series,3,1,5,200,True,,,0.07844487500551622,3.8207996112760156e-05,0.0784955839990289,2179,,1.0,20980,76039,0
httpx,metadata_small,series,3,1,6,200,True,,,0.07475916600378696,3.333299537189305e-05,0.07480287500220584,930,,1.0,18775,76131,0
httpx,metadata_small,series,3,1,7,200,True,,,0.08953504099918064,6.120900070527568e-05,0.08962837499711895,666,,1.0,17949,76033,0
httpx,metadata_small,series,3,1,8,200,True,,,0.07527275000029476,3.8958001823630184e-05,0.07532191700011026,744,,1.0,18107,76086,0
httpx,metadata_small,series,3,1,9,200,True,,,0.10967491599876666,3.879200085066259e-05,0.10972429200046463,911,,1.0,18718,76176,0
httpx,metadata_small,series,3,1,10,200,True,,,0.09039774999837391,3.7750003684777766e-05,0.09045220899861306,891,,1.0,18409,76131,0
httpx,metadata_small,series,3,2,1,200,True,,,0.12939991699386155,3.97080002585426e-05,0.12945400000171503,1036,,1.0,22213,79892,0
httpx,metadata_small,series,3,2,2,200,True,,,0.09230883299460402,6.483300239779055e-05,0.09238433300197357,3159,,1.0,23062,76184,0
httpx,metadata_small,series,3,2,3,200,True,,,0.08083529099531006,6.233299791347235e-05,0.08092374999978347,4435,,1.0,25365,76043,0
httpx,metadata_small,series,3,2,4,200,True,,,0.0795113330023014,4.441600322024897e-05,0.07957187500142027,1054,,1.0,19007,76084,0
httpx,metadata_small,series,3,2,5,200,True,,,0.09056599999894388,4.629100294550881e-05,0.09062637500028359,2179,,1.0,20980,76086,0
httpx,metadata_small,series,3,2,6,200,True,,,0.08617316700110678,3.8791004044469446e-05,0.086224292004772,930,,1.0,18775,76084,0
httpx,metadata_small,series,3,2,7,200,True,,,0.07372041700000409,5.479199899127707e-05,0.07379704200138804,666,,1.0,17949,76033,0
httpx,metadata_small,series,3,2,8,200,True,,,0.09004133299458772,4.012499994132668e-05,0.09009212499950081,744,,1.0,18107,76039,0
httpx,metadata_small,series,3,2,9,200,True,,,0.08427466700231889,4.533299943432212e-05,0.08433425000112038,911,,1.0,18718,76035,0
httpx,metadata_small,series,3,2,10,200,True,,,0.08967924999888055,4.362500476418063e-05,0.08973833299387479,891,,1.0,18409,76037,0
httpx,metadata_small,series,3,3,1,200,True,,,0.12928129200008698,4.374999844003469e-05,0.1293360829949961,1036,,1.0,22172,79804,0
httpx,metadata_small,series,3,3,2,200,True,,,0.0760313330029021,4.416699812281877e-05,0.07609145799506223,3159,,1.0,22921,76043,0
httpx,metadata_small,series,3,3,3,200,True,,,0.09081208299903665,5.083299765828997e-05,0.09087666699633701,4435,,1.0,25412,76090,0
httpx,metadata_small,series,3,3,4,200,True,,,0.08140166699740803,4.337500286055729e-05,0.08145587500621332,1054,,1.0,19007,76178,0
httpx,metadata_small,series,3,3,5,200,True,,,0.1021092920054798,4.5666005462408066e-05,0.10216595800011419,2179,,1.0,21027,76133,0
httpx,metadata_small,series,3,3,6,200,True,,,0.10040241699607577,4.816699947696179e-05,0.10046233300090535,930,,1.0,18775,76084,0
httpx,metadata_small,series,3,3,7,200,True,,,0.10760879200097406,5.8707999414764345e-05,0.10768012500193436,666,,1.0,17949,76033,0
httpx,metadata_small,series,3,3,8,200,True,,,0.12580795800022315,3.904200275428593e-05,0.1258583750022808,744,,1.0,18154,76133,0
httpx,metadata_small,series,3,3,9,200,True,,,0.08898929199494887,4.683300358010456e-05,0.08904745899781119,911,,1.0,18765,76176,0
httpx,metadata_small,series,3,3,10,200,True,,,0.07560545800515683,4.1375002183485776e-05,0.07565758300188463,891,,1.0,18409,76084,0
httpx,observations_medium,series/observations,1,1,1,200,True,,,0.21349733299575746,0.0002795830005197786,0.2137892920000013,7047,72.0,,52283,80751,32768
httpx,observations_medium,series/observations,1,1,2,200,True,,,0.45193291699979454,0.00029550000181188807,0.4522404590024962,7331,72.0,,50704,76658,0
httpx,observations_medium,series/observations,1,1,3,200,True,,,0.1290027499999269,0.0002612919997773133,0.12927987500006566,7115,72.0,,50071,76752,0
httpx,observations_medium,series/observations,1,1,4,200,True,,,0.12174870900344104,0.005361750001611654,0.12712554099562112,148826,1566.0,,771432,921281,0
httpx,observations_medium,series/observations,1,1,5,200,True,,,0.1361022499986575,0.00026616700051818043,0.13638183300645323,7259,72.0,,50458,76607,0
httpx,observations_medium,series/observations,1,1,6,200,True,,,0.10919662500236882,0.00010770900553325191,0.10931770800380036,2672,24.0,,26840,76605,0
httpx,observations_medium,series/observations,1,1,7,200,True,,,0.47649654099950567,0.00027299999783281237,0.47678124999947613,7331,72.0,,50483,76742,0
httpx,observations_medium,series/observations,1,1,8,200,True,,,0.36281366599723697,0.00028441700123948976,0.3631116659962572,7367,72.0,,51218,77543,0
httpx,observations_medium,series/observations,1,1,9,200,True,,,0.10877283399895532,0.0002837080028257333,0.10906987499765819,7331,72.0,,50346,76603,0
httpx,observations_medium,series/observations,1,1,10,200,True,,,0.3774760000014794,0.0002694590002647601,0.3777572920007515,7258,72.0,,51449,76746,0
httpx,observations_medium,series/observations,1,2,1,200,True,,,0.3735197080022772,0.00026820800121640787,0.37380074999964563,7047,72.0,,51464,80126,0
httpx,observations_medium,series/observations,1,2,2,200,True,,,0.44113800000195624,0.00030670799606014043,0.4414574590045959,7331,72.0,,49669,76564,0
httpx,observations_medium,series/observations,1,2,3,200,True,,,0.3877511660029995,0.00033849999454105273,0.3881031249984517,7115,72.0,,49036,76658,0
httpx,observations_medium,series/observations,1,2,4,200,True,,,0.10979979200055823,0.005553708004299551,0.1153673329972662,148826,1566.0,,770497,920346,0
httpx,observations_medium,series/observations,1,2,5,200,True,,,0.10918887500156416,0.0002778749985736795,0.10948149999603629,7259,72.0,,49521,76560,0
httpx,observations_medium,series/observations,1,2,6,200,True,,,0.09244741700240411,0.00011224999616388232,0.09257287500076927,2672,24.0,,25858,76605,0
httpx,observations_medium,series/observations,1,2,7,200,True,,,0.2233519579967833,0.00028779200511053205,0.22365237500343937,7331,72.0,,49411,76601,0
httpx,observations_medium,series/observations,1,2,8,200,True,,,0.34171033299935516,0.00027200000477023423,0.34199545799492626,7367,72.0,,49442,76607,0
httpx,observations_medium,series/observations,1,2,9,200,True,,,0.088563958001032,0.00026583300495985895,0.08884204200148815,7331,72.0,,49319,76509,0
httpx,observations_medium,series/observations,1,2,10,200,True,,,0.08947362499748124,0.000294707999273669,0.08978079199732747,7258,72.0,,49175,76511,0
httpx,observations_medium,series/observations,1,3,1,200,True,,,0.13144562499655876,0.00031341700378106907,0.13177337500383146,7047,72.0,,51283,79945,0
httpx,observations_medium,series/observations,1,3,2,200,True,,,0.11340408300020499,0.0002895420038839802,0.11370637499931036,7331,72.0,,49669,76564,0
httpx,observations_medium,series/observations,1,3,3,200,True,,,0.09645704200374894,0.0002597089987830259,0.09672895800031256,7115,72.0,,49036,76658,0
httpx,observations_medium,series/observations,1,3,4,200,True,,,0.09319058300025063,0.005418583001301158,0.09862495899869828,148826,1566.0,,770497,920346,0
httpx,observations_medium,series/observations,1,3,5,200,True,,,0.09575645799486665,0.00028083299548598006,0.09605112500139512,7259,72.0,,49521,76560,0
httpx,observations_medium,series/observations,1,3,6,200,True,,,0.10981533300218871,0.00011070800246670842,0.10993874999985565,2672,24.0,,25811,76511,0
httpx,observations_medium,series/observations,1,3,7,200,True,,,0.10656708299939055,0.0002662920014699921,0.10684587500145426,7331,72.0,,49317,76507,0
httpx,observations_medium,series/observations,1,3,8,200,True,,,0.11952745799499098,0.0002867920047719963,0.1198272910041851,7367,72.0,,49395,76513,0
httpx,observations_medium,series/observations,1,3,9,200,True,,,0.11246479200053727,0.00027145799685968086,0.1127489999998943,7331,72.0,,49319,76509,0
httpx,observations_medium,series/observations,1,3,10,200,True,,,0.14859666699339869,0.00026116700610145926,0.14886975000263192,7258,72.0,,49222,76558,0
httpx,observations_medium,series/observations,2,1,1,200,True,,,0.16249433299526572,0.0002836659987224266,0.1627896249992773,7047,72.0,,51251,79960,0
httpx,observations_medium,series/observations,2,1,2,200,True,,,0.10182916600024328,0.0002667500011739321,0.10210820800421061,7331,72.0,,49669,76564,0
httpx,observations_medium,series/observations,2,1,3,200,True,,,0.1457058749947464,0.000308291993860621,0.1460282079933677,7115,72.0,,48942,76564,0
httpx,observations_medium,series/observations,2,1,4,200,True,,,0.13281058400025358,0.005302624995238148,0.1381281249996391,148826,1566.0,,770450,920299,0
httpx,observations_medium,series/observations,2,1,5,200,True,,,0.16038195799774257,0.0002704170037759468,0.16066666699771304,7259,72.0,,49662,76701,0
httpx,observations_medium,series/observations,2,1,6,200,True,,,0.1364852500046254,0.00011966600141022354,0.13661900000442984,2672,24.0,,25952,76652,0
httpx,observations_medium,series/observations,2,1,7,200,True,,,0.11323124999762513,0.0002692909984034486,0.11351345799630508,7331,72.0,,49505,76695,0
httpx,observations_medium,series/observations,2,1,8,200,True,,,0.1357935410051141,0.00029795899899909273,0.13610483299999032,7367,72.0,,49536,76654,0
httpx,observations_medium,series/observations,2,1,9,200,True,,,0.10347333399840863,0.00026362499920651317,0.10374850000516744,7331,72.0,,49460,76650,0
httpx,observations_medium,series/observations,2,1,10,200,True,,,0.1044845830037957,0.00027304199466016144,0.10476941700471798,7258,72.0,,49175,76511,0
httpx,observations_medium,series/observations,2,2,1,200,True,,,0.12642537499777973,0.000301334002870135,0.1267406659972039,7047,72.0,,51266,79928,0
httpx,observations_medium,series/observations,2,2,2,200,True,,,0.10773958299978403,0.0002621249950607307,0.10801299999729963,7331,72.0,,49763,76658,0
httpx,observations_medium,series/observations,2,2,3,200,True,,,0.08911716600414366,0.0002677910015336238,0.08939745800307719,7115,72.0,,49036,76658,0
httpx,observations_medium,series/observations,2,2,4,200,True,,,0.09702783299871953,0.005240666992904153,0.10228258300048765,148826,1566.0,,770591,920440,0
httpx,observations_medium,series/observations,2,2,5,200,True,,,0.08256974999676459,0.00029325000650715083,0.08287945899792248,7259,72.0,,49615,76654,0
httpx,observations_medium,series/observations,2,2,6,200,True,,,0.10784508299548179,0.00011066699516959488,0.10801570799958427,2672,24.0,,25858,76558,0
httpx,observations_medium,series/observations,2,2,7,200,True,,,0.0925989160023164,0.000287124996248167,0.09289745800197124,7331,72.0,,49364,76554,0
httpx,observations_medium,series/observations,2,2,8,200,True,,,0.10651962499832734,0.00028816699341405183,0.10682087500026682,7367,72.0,,49395,76513,0
httpx,observations_medium,series/observations,2,2,9,200,True,,,0.10410779200174147,0.00027033300284529105,0.10439054199378006,7331,72.0,,49319,76509,0
httpx,observations_medium,series/observations,2,2,10,200,True,,,0.08861937500478234,0.0002774579988908954,0.08890691700071329,7258,72.0,,49175,76511,0
httpx,observations_medium,series/observations,2,3,1,200,True,,,0.15389491699897917,0.00032354099676012993,0.15423108400136698,7047,72.0,,51336,79998,0
httpx,observations_medium,series/observations,2,3,2,200,True,,,0.1541609999985667,0.00026970900216838345,0.15444287499849452,7331,72.0,,49763,76658,0
httpx,observations_medium,series/observations,2,3,3,200,True,,,0.14143000000331085,0.0002643749976414256,0.14170670900057303,7115,72.0,,49036,76658,0
httpx,observations_medium,series/observations,2,3,4,200,True,,,0.10442112499731593,0.005521375001990236,0.10995754199393559,148826,1566.0,,770591,920440,0
httpx,observations_medium,series/observations,2,3,5,200,True,,,0.09792729200125905,0.00027341699751559645,0.0982142080029007,7259,72.0,,49568,76607,0
httpx,observations_medium,series/observations,2,3,6,200,True,,,0.09646624999732012,0.00011324999650241807,0.09659233300044434,2672,24.0,,25952,76652,0
httpx,observations_medium,series/observations,2,3,7,200,True,,,0.0838807909967727,0.0002945829983218573,0.08419000000139931,7331,72.0,,49458,76648,0
httpx,observations_medium,series/observations,2,3,8,200,True,,,0.08576975000323728,0.00026929199520964175,0.08605004200217081,7367,72.0,,49395,76513,0
httpx,observations_medium,series/observations,2,3,9,200,True,,,0.1134287909953855,0.0002662920014699921,0.11370783299935283,7331,72.0,,49366,76556,0
httpx,observations_medium,series/observations,2,3,10,200,True,,,0.1140377499978058,0.00027283300005365163,0.11432520899688825,7258,72.0,,49222,76558,0
httpx,observations_medium,series/observations,3,1,1,200,True,,,0.22119699999893783,0.00026358399918535724,0.22147287499683443,7047,72.0,,51218,79880,0
httpx,observations_medium,series/observations,3,1,2,200,True,,,0.12530691700521857,0.0002978330012410879,0.12561974999698577,7331,72.0,,49763,76658,0
httpx,observations_medium,series/observations,3,1,3,200,True,,,0.29396591600379907,0.0003550830006133765,0.29433479100407567,7115,72.0,,48895,76517,0
httpx,observations_medium,series/observations,3,1,4,200,True,,,0.5226168329973007,0.005090625003504101,0.52771895800106,148826,1566.0,,770591,920440,0
httpx,observations_medium,series/observations,3,1,5,200,True,,,0.5720900840024115,0.0002757499969447963,0.5723793749930337,7259,72.0,,49474,76513,0
httpx,observations_medium,series/observations,3,1,6,200,True,,,0.8516562500008149,0.00010191699402639642,0.8517697080023936,2672,24.0,,25952,76652,0
httpx,observations_medium,series/observations,3,1,7,200,True,,,0.1742843329993775,0.00028612499590963125,0.17458466600510292,7331,72.0,,49317,76507,0
httpx,observations_medium,series/observations,3,1,8,200,True,,,0.11356391700246604,0.00026737499865703285,0.11384229199757101,7367,72.0,,49536,76654,0
httpx,observations_medium,series/observations,3,1,9,200,True,,,0.10634274999756599,0.000279416999546811,0.10663295799895423,7331,72.0,,49319,76509,0
httpx,observations_medium,series/observations,3,1,10,200,True,,,0.8964749999940977,0.000265417002083268,0.8967512919989531,7258,72.0,,49175,76511,0
httpx,observations_medium,series/observations,3,2,1,200,True,,,0.4317658330037375,0.00028008299705106765,0.4320595839963062,7047,72.0,,51241,79903,-32768
httpx,observations_medium,series/observations,3,2,2,200,True,,,0.10841087500011781,0.00026329200045438483,0.10868620799737982,7331,72.0,,49622,76517,0
httpx,observations_medium,series/observations,3,2,3,200,True,,,0.09464299999672221,0.00034225000126753,0.09499862499797018,7115,72.0,,48895,76517,0
httpx,observations_medium,series/observations,3,2,4,200,True,,,0.12053929100511596,0.005610000000160653,0.12616566700307885,148826,1566.0,,770544,920393,0
httpx,observations_medium,series/observations,3,2,5,200,True,,,0.08486912499938626,0.0002754579982138239,0.08515954200265696,7259,72.0,,49615,76654,0
httpx,observations_medium,series/observations,3,2,6,200,True,,,0.08930270899872994,0.0001250830027856864,0.08944254199741408,2672,24.0,,25952,76652,0
httpx,observations_medium,series/observations,3,2,7,200,True,,,0.22205004200077383,0.00026987500314135104,0.22233191700070165,7331,72.0,,50316,77650,0
httpx,observations_medium,series/observations,3,2,8,200,True,,,0.1137419590013451,0.00027216700254939497,0.11402620800072327,7367,72.0,,49395,76513,0
httpx,observations_medium,series/observations,3,2,9,200,True,,,0.10332558399386471,0.00027470799977891147,0.10361258400371298,7331,72.0,,49319,76509,0
httpx,observations_medium,series/observations,3,2,10,200,True,,,0.0916939159942558,0.0002745829988270998,0.09197987499646842,7258,72.0,,49175,76511,0
httpx,observations_medium,series/observations,3,3,1,200,True,,,0.17647637499612756,0.0002610830051708035,0.17674945799808484,7047,72.0,,51209,79871,16384
httpx,observations_medium,series/observations,3,3,2,200,True,,,0.1482150830051978,0.0002618329963297583,0.14848962500400376,7331,72.0,,49669,76564,0
httpx,observations_medium,series/observations,3,3,3,200,True,,,0.13642470899503678,0.00029783399804728106,0.13673450000351295,7115,72.0,,48895,76517,0
httpx,observations_medium,series/observations,3,3,4,200,True,,,0.1580509589985013,0.005408291995991021,0.16347329100244679,148826,1566.0,,770450,920299,0
httpx,observations_medium,series/observations,3,3,5,200,True,,,0.12310499999875901,0.0002608340000733733,0.12337833300261991,7259,72.0,,49474,76513,0
httpx,observations_medium,series/observations,3,3,6,200,True,,,0.13427516700176056,0.00010774999827845022,0.13439512500190176,2672,24.0,,25905,76605,0
httpx,observations_medium,series/observations,3,3,7,200,True,,,0.20779695799865294,0.00028170800214866176,0.2080907909985399,7331,72.0,,49458,76648,0
httpx,observations_medium,series/observations,3,3,8,200,True,,,0.20542358399688965,0.0003644579992396757,0.2058006250008475,7367,72.0,,49395,76513,0
httpx,observations_medium,series/observations,3,3,9,200,True,,,0.10701812500337837,0.0002975000024889596,0.10733204199641477,7331,72.0,,49366,76556,0
httpx,observations_medium,series/observations,3,3,10,200,True,,,0.1362256670036004,0.00027816600049845874,0.13651491699420149,7258,72.0,,49175,76511,0
httpx,observations_large,series/observations,1,1,1,200,True,,,0.22785758399550105,0.0032279159931931645,0.23109887500322657,86299,915.0,,459436,546782,0
httpx,observations_large,series/observations,1,1,2,200,True,,,0.1331145000003744,0.0030108339997241274,0.13613887500105193,88455,915.0,,461335,550813,16384
httpx,observations_large,series/observations,1,1,3,200,True,,,0.10572175000561401,0.0031671250035287812,0.1089030829971307,82226,862.0,,433802,517051,0
httpx,observations_large,series/observations,1,1,4,200,True,,,0.1189069579995703,0.056055834000289906,0.17497933299455326,1593946,16783.0,,8125237,9720206,6471680
httpx,observations_large,series/observations,1,1,5,200,True,,,0.09744187499745749,0.003135750004730653,0.1006005829985952,88590,915.0,,462028,551641,0
httpx,observations_large,series/observations,1,1,6,200,True,,,0.12476087499817368,0.0010729999994509853,0.1258466670042253,30572,305.0,,165264,196859,32768
httpx,observations_large,series/observations,1,1,7,200,True,,,0.08997645899944473,0.00280558400118025,0.09280029100045795,78564,807.0,,409777,489364,0
httpx,observations_large,series/observations,1,1,8,200,True,,,0.1202242080034921,0.003098707995377481,0.12333691700041527,89964,915.0,,464340,555327,0
httpx,observations_large,series/observations,1,1,9,200,True,,,0.09678712500317488,0.0028385830009938218,0.09964045800006716,78513,807.0,,409726,489262,0
httpx,observations_large,series/observations,1,1,10,200,True,,,0.0914093329993193,0.0026869159992202185,0.09410854199813912,77163,807.0,,406889,485075,0
httpx,observations_large,series/observations,1,2,1,200,True,,,0.16563058400060982,0.003031291998922825,0.16867804199864622,86299,915.0,,458507,545829,0
httpx,observations_large,series/observations,1,2,2,200,True,,,0.12080441699799849,0.003388791999896057,0.12421004100178834,88455,915.0,,460589,550067,0
httpx,observations_large,series/observations,1,2,3,200,True,,,0.09194879099959508,0.003046040998015087,0.095010540993826,82226,862.0,,432821,516070,0
httpx,observations_large,series/observations,1,2,4,200,True,,,0.17807750000065425,0.05545308299770113,0.2335512909994577,1593946,16783.0,,8124450,9719419,5455872
httpx,observations_large,series/observations,1,2,5,200,True,,,0.08676800000102958,0.0030349590015248396,0.08982095800456591,88590,915.0,,461145,550758,0
httpx,observations_large,series/observations,1,2,6,200,True,,,0.1285519579978427,0.0011099169933004305,0.1296777919997112,30572,305.0,,164477,196072,0
httpx,observations_large,series/observations,1,2,7,200,True,,,0.10264720899431268,0.0028186249983264133,0.10548108300281456,78564,807.0,,408947,488534,0
httpx,observations_large,series/observations,1,2,8,200,True,,,0.1112520000024233,0.0031233750050887465,0.11438958400685806,89964,915.0,,463551,554538,0
httpx,observations_large,series/observations,1,2,9,200,True,,,0.11966662499617087,0.005615415997453965,0.12582158299483126,78513,807.0,,408847,488383,0
httpx,observations_large,series/observations,1,2,10,200,True,,,0.0896939169979305,0.0027862499991897494,0.09249687500414439,77163,807.0,,406149,484335,0
httpx,observations_large,series/observations,1,3,1,200,True,,,0.1628037080008653,0.00313083400396863,0.16595037499791943,86299,915.0,,458491,545813,0
httpx,observations_large,series/observations,1,3,2,200,True,,,0.10191650000342634,0.0031552080035908148,0.10508808300073724,88455,915.0,,460683,550161,0
httpx,observations_large,series/observations,1,3,3,200,True,,,0.1267271660035476,0.002955791998829227,0.1296971669944469,82226,862.0,,432868,516117,0
httpx,observations_large,series/observations,1,3,4,200,True,,,0.12627475000044797,0.05509462500049267,0.1813865420044749,1593946,16783.0,,8124403,9719372,4734976
httpx,observations_large,series/observations,1,3,5,200,True,,,0.11560470800031908,0.003028958002687432,0.11865041699638823,88590,915.0,,461051,550664,0
httpx,observations_large,series/observations,1,3,6,200,True,,,0.09058054100023583,0.001075416999810841,0.09167058300226927,30572,305.0,,164571,196166,0
httpx,observations_large,series/observations,1,3,7,200,True,,,0.08959229100582888,0.0028557080004247837,0.09246279200306162,78564,807.0,,408806,488393,0
httpx,observations_large,series/observations,1,3,8,200,True,,,0.09380899999814574,0.0030856250014039688,0.09690949999639997,89964,915.0,,464343,555330,0
httpx,observations_large,series/observations,1,3,9,200,True,,,0.0919959579987335,0.0028611669986275956,0.09487145799357677,78513,807.0,,408800,488336,0
httpx,observations_large,series/observations,1,3,10,200,True,,,0.08969204199820524,0.0026823750013136305,0.09238758299761685,77163,807.0,,406128,484314,0
httpx,observations_large,series/observations,2,1,1,200,True,,,0.1670408749996568,0.0030552079988410696,0.17011004099913407,86299,915.0,,458475,545797,0
httpx,observations_large,series/observations,2,1,2,200,True,,,0.1095119590027025,0.003188541995768901,0.11271745799604105,88455,915.0,,460448,549926,0
httpx,observations_large,series/observations,2,1,3,200,True,,,0.17140404199744808,0.003067124998779036,0.17448595799942268,82226,862.0,,432821,516070,0
httpx,observations_large,series/observations,2,1,4,200,True,,,0.14318954199552536,0.055128666004748084,0.19833487500000047,1593946,16783.0,,8124309,9719278,5488640
httpx,observations_large,series/observations,2,1,5,200,True,,,0.12210045800020453,0.003180667001288384,0.1253022079981747,88590,915.0,,461051,550664,0
httpx,observations_large,series/observations,2,1,6,200,True,,,0.10581516700040083,0.0010647500021150336,0.10689279200596502,30572,305.0,,164289,195884,0
httpx,observations_large,series/observations,2,1,7,200,True,,,0.110239667003043,0.002798458001052495,0.11305154100409709,78564,807.0,,408853,488440,0
httpx,observations_large,series/observations,2,1,8,200,True,,,0.10202758400555467,0.0030027920001884922,0.10504491699975915,89964,915.0,,463504,554491,0
httpx,observations_large,series/observations,2,1,9,200,True,,,0.11765666700375732,0.0027596670042839833,0.12043324999831384,78513,807.0,,408659,488195,0
httpx,observations_large,series/observations,2,1,10,200,True,,,0.1158127910020994,0.002599542000098154,0.11842679200344719,77163,807.0,,406008,484194,0
httpx,observations_large,series/observations,2,2,1,200,True,,,0.16381266699318076,0.0031049580065882765,0.16693224999471568,86299,915.0,,458475,545797,0
httpx,observations_large,series/observations,2,2,2,200,True,,,0.10748691700428026,0.003057040994463023,0.11056033299973933,88455,915.0,,460448,549926,0
httpx,observations_large,series/observations,2,2,3,200,True,,,0.10790275000181282,0.002953124996565748,0.11087091700028395,82226,862.0,,433009,516258,0
httpx,observations_large,series/observations,2,2,4,200,True,,,0.1432752500040806,0.055159374998766,0.19845237499976065,1593946,16783.0,,8124309,9719278,3637248
httpx,observations_large,series/observations,2,2,5,200,True,,,0.1354775410000002,0.0031182499951682985,0.13861666699813213,88590,915.0,,461051,550664,0
httpx,observations_large,series/observations,2,2,6,200,True,,,0.19981770800222876,0.001033207998261787,0.20086374999664258,30572,305.0,,164336,195931,0
httpx,observations_large,series/observations,2,2,7,200,True,,,0.09392637499695411,0.002715374997933395,0.0966545000046608,78564,807.0,,408994,488581,0
httpx,observations_large,series/observations,2,2,8,200,True,,,0.10189291599817807,0.003147041003103368,0.1050537080009235,89964,915.0,,463551,554538,0
httpx,observations_large,series/observations,2,2,9,200,True,,,0.15263762500399025,0.0027543329997570254,0.15540570900338935,78513,807.0,,408753,488289,0
httpx,observations_large,series/observations,2,2,10,200,True,,,0.08080862499627983,0.002841249995981343,0.08366324999951757,77163,807.0,,406102,484288,0
httpx,observations_large,series/observations,2,3,1,200,True,,,0.1440355409940821,0.0030938330019125715,0.1471418330038432,86299,915.0,,458522,545844,0
httpx,observations_large,series/observations,2,3,2,200,True,,,0.11092520799866179,0.0031615830012015067,0.11410004200297408,88455,915.0,,460401,549879,0
httpx,observations_large,series/observations,2,3,3,200,True,,,0.15751429100055248,0.0028858750010840595,0.1604146249956102,82226,862.0,,432774,516023,0
httpx,observations_large,series/observations,2,3,4,200,True,,,0.18426254099904327,0.05480433299817378,0.23908425000263378,1593946,16783.0,,8124356,9719325,3375104
httpx,observations_large,series/observations,2,3,5,200,True,,,0.09213216599891894,0.0030794170015724376,0.09523170899774414,88590,915.0,,461004,550617,0
httpx,observations_large,series/observations,2,3,6,200,True,,,0.22899279100238346,0.001153500001237262,0.23015941699850373,30572,305.0,,164430,196025,0
httpx,observations_large,series/observations,2,3,7,200,True,,,0.10769516700383974,0.0027714169991668314,0.11047958400013158,78564,807.0,,408759,488346,0
httpx,observations_large,series/observations,2,3,8,200,True,,,0.11561037500359816,0.003216249999240972,0.11884000000281958,89964,915.0,,463645,554632,0
httpx,observations_large,series/observations,2,3,9,200,True,,,0.09686274999694433,0.0028658329974859953,0.09974174999661045,78513,807.0,,408706,488242,0
httpx,observations_large,series/observations,2,3,10,200,True,,,0.16126604100281838,0.0026977499946951866,0.1639839999988908,77163,807.0,,406149,484335,0
httpx,observations_large,series/observations,3,1,1,200,True,,,0.16059516699897358,0.0030382080003619194,0.1636461669986602,86299,915.0,,458616,545938,0
httpx,observations_large,series/observations,3,1,2,200,True,,,0.13721945799625246,0.0030677079994347878,0.14030091599852312,88455,915.0,,460589,550067,0
httpx,observations_large,series/observations,3,1,3,200,True,,,0.10192325000389246,0.0029087500006426126,0.10484729200106813,82226,862.0,,432915,516164,0
httpx,observations_large,series/observations,3,1,4,200,True,,,0.16129591700155288,0.05530808399635134,0.21662116699735634,1593946,16783.0,,8124309,9719278,3375104
httpx,observations_large,series/observations,3,1,5,200,True,,,0.11161745800200151,0.003005500002473127,0.1146482920012204,88590,915.0,,461145,550758,0
httpx,observations_large,series/observations,3,1,6,200,True,,,0.13892629100155318,0.0010485419988981448,0.1399878330048523,30572,305.0,,164477,196072,0
httpx,observations_large,series/observations,3,1,7,200,True,,,0.13226529199891957,0.0027604160059127025,0.1350395000044955,78564,807.0,,408853,488440,0
httpx,observations_large,series/observations,3,1,8,200,True,,,0.10486079200200038,0.00305195900000399,0.10793125000054715,89964,915.0,,463598,554585,0
httpx,observations_large,series/observations,3,1,9,200,True,,,0.11695758299902081,0.002879416999348905,0.11985058400023263,78513,807.0,,409665,489201,0
httpx,observations_large,series/observations,3,1,10,200,True,,,0.1666279159981059,0.002929374997620471,0.1695707079998101,77163,807.0,,406008,484194,0
httpx,observations_large,series/observations,3,2,1,200,True,,,0.1427624999996624,0.0032076249990495853,0.14598366699647158,86299,915.0,,458522,545844,0
httpx,observations_large,series/observations,3,2,2,200,True,,,0.16323845899751177,0.0032698340000933968,0.1665215419998276,88455,915.0,,460495,549973,0
httpx,observations_large,series/observations,3,2,3,200,True,,,0.13130279199685901,0.0028532919968711212,0.13416795800003456,82226,862.0,,432962,516211,0
httpx,observations_large,series/observations,3,2,4,200,True,,,0.1353427499998361,0.05576404200110119,0.19112133300222922,1593946,16783.0,,8124262,9719231,3637248
httpx,observations_large,series/observations,3,2,5,200,True,,,0.10686700000223937,0.003121834000921808,0.1100077910014079,88590,915.0,,461051,550664,0
httpx,observations_large,series/observations,3,2,6,200,True,,,0.1163498339956277,0.001091500002075918,0.11745250000240048,30572,305.0,,164336,195931,0
httpx,observations_large,series/observations,3,2,7,200,True,,,0.11449708299915073,0.0027529159997357056,0.11726383300265297,78564,807.0,,408806,488393,0
httpx,observations_large,series/observations,3,2,8,200,True,,,0.13256949999777135,0.0031778340053278953,0.1357614160006051,89964,915.0,,463457,554444,0
httpx,observations_large,series/observations,3,2,9,200,True,,,0.10116474999813363,0.0027407080051489174,0.10391970800264971,78513,807.0,,408659,488195,0
httpx,observations_large,series/observations,3,2,10,200,True,,,0.14228300000104355,0.002776792003714945,0.14507454200065695,77163,807.0,,405961,484147,0
httpx,observations_large,series/observations,3,3,1,200,True,,,0.3172054590031621,0.003131416000542231,0.3203523329939344,86299,915.0,,458569,545891,0
httpx,observations_large,series/observations,3,3,2,200,True,,,0.14127700000244658,0.0030023329964024015,0.14429016699432395,88455,915.0,,460401,549879,0
httpx,observations_large,series/observations,3,3,3,200,True,,,0.14899000000150409,0.0029236249974928796,0.1519285000031232,82226,862.0,,432868,516117,0
httpx,observations_large,series/observations,3,3,4,200,True,,,0.18009875000279862,0.05468970900255954,0.23480799999379087,1593946,16783.0,,8124309,9719278,3375104
httpx,observations_large,series/observations,3,3,5,200,True,,,0.10770608299935702,0.003162875000271015,0.11088941700290889,88590,915.0,,461098,550711,0
httpx,observations_large,series/observations,3,3,6,200,True,,,0.1752619590042741,0.0011542080028448254,0.17643016699730651,30572,305.0,,164336,195931,0
httpx,observations_large,series/observations,3,3,7,200,True,,,0.1651975000058883,0.0027685000022756867,0.16798129100061487,78564,807.0,,408806,488393,0
httpx,observations_large,series/observations,3,3,8,200,True,,,0.1605924169998616,0.0031145419998210855,0.16372579200105974,89964,915.0,,463598,554585,0
httpx,observations_large,series/observations,3,3,9,200,True,,,0.10480545800237451,0.002855917002307251,0.10767616699740756,78513,807.0,,408753,488289,0
httpx,observations_large,series/observations,3,3,10,200,True,,,0.16879454100126168,0.0028624580008909106,0.17167254100058926,77163,807.0,,406008,484194,0
httpx,search,series/search,1,1,1,200,True,,,0.8132743750029476,0.0004592080003931187,0.8137454579991754,30326,,25.0,100142,139147,16384
httpx,search,series/search,1,1,2,200,True,,,1.806528207998781,0.00044716599950334057,1.8069913330036798,21432,,25.0,75981,133262,0
httpx,search,series/search,1,1,3,200,True,,,0.5489830000005895,0.0004790419989149086,0.5494727499972214,51824,,25.0,143407,219930,16384
httpx,search,series/search,1,1,4,200,True,,,0.3095085420063697,0.0004174170026089996,0.30993737500102725,26077,,25.0,84454,111674,0
httpx,search,series/search,1,1,5,200,True,,,2.970638749997306,0.0003952080005547032,2.9710481660004007,15797,,25.0,67065,139428,32768
httpx,search,series/search,1,1,6,200,True,,,3.064777958999912,0.000417791998188477,3.0652082079977845,17414,,25.0,68459,140707,0
httpx,search,series/search,1,1,7,200,True,,,0.6605219580014818,0.0004394589996081777,0.6609725000016624,30326,,25.0,96431,135164,0
httpx,search,series/search,1,1,8,200,True,,,0.10154533400054788,0.0003569999971659854,0.10191287500492763,21432,,25.0,75134,97709,0
httpx,search,series/search,1,1,9,200,True,,,0.11306237499957206,0.0004469580017030239,0.11352070800057845,51824,,25.0,142652,222034,0
httpx,search,series/search,1,1,10,200,True,,,0.2576827910015709,0.00043858299613930285,0.25813383399508893,26077,,25.0,83697,110917,0
httpx,search,series/search,1,2,1,200,True,,,0.13700141700246604,0.00042179199954262003,0.13743620799505152,30326,,25.0,99207,130676,0
httpx,search,series/search,1,2,2,200,True,,,4.547015417003422,0.000388542001019232,4.547416583001905,21432,,25.0,75911,133264,0
httpx,search,series/search,1,2,3,200,True,,,0.5900833330015303,0.00045841600513085723,0.5905540000021574,51824,,25.0,142605,219126,0
httpx,search,series/search,1,2,4,200,True,,,0.24222120799822733,0.00041812500421656296,0.24265025000204332,26077,,25.0,83650,110870,0
httpx,search,series/search,1,2,5,200,True,,,0.07992483300040476,0.0005560829958994873,0.08049529100389918,15797,,25.0,65286,82226,0
httpx,search,series/search,1,2,6,200,True,,,0.15895787499903236,0.00038341599429259077,0.1593547920056153,17414,,25.0,67688,86245,0
httpx,search,series/search,1,2,7,200,True,,,0.15404249999846797,0.0004374999989522621,0.1544923750043381,30326,,25.0,96384,127853,0
httpx,search,series/search,1,2,8,200,True,,,0.10716412499459693,0.0003755830039153807,0.10755237500416115,21432,,25.0,74839,97414,0
httpx,search,series/search,1,2,9,200,True,,,0.16693504100112477,0.0004636250014300458,0.1674096249989816,51824,,25.0,142605,221987,0
httpx,search,series/search,1,2,10,200,True,,,0.10974812499625841,0.0004362090039649047,0.11019549999764422,26077,,25.0,83603,110823,0
httpx,search,series/search,1,3,1,200,True,,,0.1680292079981882,0.00042308300180593506,0.16846399999485584,30326,,25.0,99254,130723,0
httpx,search,series/search,1,3,2,200,True,,,0.1447461249990738,0.00037674999475711957,0.1451347500042175,21432,,25.0,74839,97414,0
httpx,search,series/search,1,3,3,200,True,,,0.08309737499803305,0.0004463340010261163,0.08355495800060453,51824,,25.0,142652,222034,0
httpx,search,series/search,1,3,4,200,True,,,0.09056350000173552,0.00042870799370575696,0.09100408400263404,26077,,25.0,83791,111011,0
httpx,search,series/search,1,3,5,200,True,,,0.17329625000274973,0.0004562499962048605,0.17376562500430737,15797,,25.0,65286,82226,-4194304
httpx,search,series/search,1,3,6,200,True,,,10.095938334001403,0.0006183750010677613,10.09657433299435,17414,,25.0,68553,140799,0
httpx,search,series/search,1,3,7,200,True,,,0.09135324999806471,0.0004378750018076971,0.09180316700076219,30326,,25.0,96431,127900,0
httpx,search,series/search,1,3,8,200,True,,,0.0915111669964972,0.0003794169970205985,0.09190241699980106,21432,,25.0,74839,97414,0
httpx,search,series/search,1,3,9,200,True,,,0.09252449999621604,0.0004636250014300458,0.09300012500170851,51824,,25.0,142605,221987,0
httpx,search,series/search,1,3,10,200,True,,,0.10628570900007617,0.00042475000373087823,0.10672254199744202,26077,,25.0,83650,110870,0
httpx,search,series/search,2,1,1,200,True,,,0.12287491700408282,0.00043045799975516275,0.12331658299808623,30326,,25.0,99301,130770,0
httpx,search,series/search,2,1,2,200,True,,,0.09136950000538491,0.00037283300480339676,0.0917535000044154,21432,,25.0,74839,97414,0
httpx,search,series/search,2,1,3,200,True,,,0.08417375000135507,0.0004714169990620576,0.08465924999472918,51824,,25.0,142605,221987,0
httpx,search,series/search,2,1,4,200,True,,,0.09176862500316929,0.0004422080019139685,0.09222274999774527,26077,,25.0,83650,110870,0
httpx,search,series/search,2,1,5,200,True,,,3.0183919580013026,0.00040170900319935754,3.0188069579962757,15797,,25.0,66198,138563,0
httpx,search,series/search,2,1,6,200,True,,,0.11423654200189048,0.0003907080026692711,0.11463808400003472,17414,,25.0,67735,86292,0
httpx,search,series/search,2,1,7,200,True,,,0.11827895799797261,0.00042720800411188975,0.11871879200043622,30326,,25.0,96478,127947,0
httpx,search,series/search,2,1,8,200,True,,,0.10038429199630627,0.00037112500285729766,0.10076724999817088,21432,,25.0,74839,97414,0
httpx,search,series/search,2,1,9,200,True,,,0.10926708400074858,0.0004974170005880296,0.10977679200004786,51824,,25.0,142605,221987,0
httpx,search,series/search,2,1,10,200,True,,,0.15673570900253253,0.00044245900062378496,0.15719041700504022,26077,,25.0,83603,110823,0
httpx,search,series/search,2,2,1,200,True,,,0.18639904099836713,0.00042262500210199505,0.18683358400448924,30326,,25.0,99254,130723,0
httpx,search,series/search,2,2,2,200,True,,,0.08553158400172833,0.0003763329950743355,0.08591908300149953,21432,,25.0,74839,97414,0
httpx,search,series/search,2,2,3,200,True,,,0.08419266700366279,0.0004420829936861992,0.08464624999760417,51824,,25.0,142652,222034,0
httpx,search,series/search,2,2,4,200,True,,,0.09179470899834996,0.000418167001043912,0.0922235410034773,26077,,25.0,83650,110870,0
httpx,search,series/search,2,2,5,200,True,,,0.09869462499773363,0.00036787499993806705,0.09907391599699622,15797,,25.0,65333,82273,0
httpx,search,series/search,2,2,6,200,True,,,0.16723829200054752,0.0003889579966198653,0.1676387919942499,17414,,25.0,67782,86339,0
httpx,search,series/search,2,2,7,200,True,,,0.10519604099681601,0.00041733300167834386,0.10562437499902444,30326,,25.0,96572,128041,0
httpx,search,series/search,2,2,8,200,True,,,0.11337154099601321,0.0004337089994805865,0.1138198749977164,21432,,25.0,74839,97414,0
httpx,search,series/search,2,2,9,200,True,,,0.08387825000681914,0.00047220800479408354,0.08436345899826847,51824,,25.0,142605,221987,0
httpx,search,series/search,2,2,10,200,True,,,0.07405254199693445,0.0004134999981033616,0.07447887500165962,26077,,25.0,83650,110870,0
httpx,search,series/search,2,3,1,200,True,,,0.13455374999466585,0.0004219590045977384,0.13498612499824958,30326,,25.0,99348,130817,0
httpx,search,series/search,2,3,2,200,True,,,0.09145279100630432,0.000378625001758337,0.09184370799630415,21432,,25.0,74839,97414,0
httpx,search,series/search,2,3,3,200,True,,,0.09738737499719718,0.0004499580027186312,0.09784812499856343,51824,,25.0,142652,222034,0
httpx,search,series/search,2,3,4,200,True,,,0.09414366599958157,0.00042008399759652093,0.0945754170024884,26077,,25.0,83650,110870,0
httpx,search,series/search,2,3,5,200,True,,,0.08387758300523274,0.00037349999911384657,0.084263541000837,15797,,25.0,65239,82179,0
httpx,search,series/search,2,3,6,200,True,,,0.08918241700303042,0.0008072089985944331,0.0900094579992583,17414,,25.0,67594,86151,0
httpx,search,series/search,2,3,7,200,True,,,0.12397983400296653,0.0004189590035821311,0.12441616599971894,30326,,25.0,96525,127994,0
httpx,search,series/search,2,3,8,200,True,,,0.08311904199945275,0.0003437080013100058,0.083473792001314,21432,,25.0,74839,97414,0
httpx,search,series/search,2,3,9,200,True,,,0.10042570900259307,0.0004650409973692149,0.1009057089977432,51824,,25.0,142699,222081,0
httpx,search,series/search,2,3,10,200,True,,,0.10052374999941094,0.0004403750062920153,0.10097687500092434,26077,,25.0,83603,110823,0
httpx,search,series/search,3,1,1,200,True,,,0.1700495420009247,0.0004350000017439015,0.1704961670038756,30326,,25.0,99301,130770,0
httpx,search,series/search,3,1,2,200,True,,,0.09841320799750974,0.0003798749967245385,0.09880474999954458,21432,,25.0,74839,97414,0
httpx,search,series/search,3,1,3,200,True,,,0.09599454200360924,0.00044587500451598316,0.09645183300017379,51824,,25.0,142699,222081,0
httpx,search,series/search,3,1,4,200,True,,,0.07413579100102652,0.00042679099715314806,0.07457412499934435,26077,,25.0,83603,110823,0
httpx,search,series/search,3,1,5,200,True,,,0.2842690830002539,0.00043304100108798593,0.28471541599719785,15797,,25.0,65380,82320,0
httpx,search,series/search,3,1,6,200,True,,,0.0706187499963562,0.0004096249977010302,0.07104395899659721,17414,,25.0,67735,86292,0
httpx,search,series/search,3,1,7,200,True,,,0.4842728340008762,0.00042733400186989456,0.4847120830017957,30326,,25.0,96384,127853,0
httpx,search,series/search,3,1,8,200,True,,,0.07649287499953061,0.0004273750018910505,0.07693387499602977,21432,,25.0,74933,97508,0
httpx,search,series/search,3,1,9,200,True,,,0.08044049999443814,0.00044925000111106783,0.0809017909996328,51824,,25.0,142652,222034,0
httpx,search,series/search,3,1,10,200,True,,,0.07917733299836982,0.00046033300168346614,0.07964887499838369,26077,,25.0,83744,110964,0
httpx,search,series/search,3,2,1,200,True,,,0.11676783399889246,0.0004299590000300668,0.11720870800490957,30326,,25.0,99207,130676,0
httpx,search,series/search,3,2,2,200,True,,,0.07207816599839134,0.000371458001609426,0.0724658749968512,21432,,25.0,74933,97508,0
httpx,search,series/search,3,2,3,200,True,,,0.12233399999968242,0.0004550419980660081,0.12279991700052051,51824,,25.0,142558,221940,0
httpx,search,series/search,3,2,4,200,True,,,0.07282666699757101,0.00044908400013810024,0.0732867080005235,26077,,25.0,83603,110823,0
httpx,search,series/search,3,2,5,200,True,,,0.0968395000018063,0.0003938750014640391,0.0972457919997396,15797,,25.0,66172,83112,0
httpx,search,series/search,3,2,6,200,True,,,0.07128158300474752,0.0003822090002358891,0.071680249995552,17414,,25.0,67641,86198,0
httpx,search,series/search,3,2,7,200,True,,,0.10228762499900768,0.000415082999097649,0.10271366700180806,30326,,25.0,96431,127900,0
httpx,search,series/search,3,2,8,200,True,,,0.1101941250017262,0.000363416998879984,0.1105687500021304,21432,,25.0,74886,97461,0
httpx,search,series/search,3,2,9,200,True,,,0.34349104200373404,0.00046799999836366624,0.34397066699602874,51824,,25.0,142605,221987,0
httpx,search,series/search,3,2,10,200,True,,,0.25062125000113156,0.0004403749990160577,0.25107308300357545,26077,,25.0,83650,110870,0
httpx,search,series/search,3,3,1,200,True,,,0.2539148750001914,0.00042512499931035563,0.2543514999997569,30326,,25.0,99254,130723,0
httpx,search,series/search,3,3,2,200,True,,,0.3062176669991459,0.0003865000035148114,0.3066182080001454,21432,,25.0,74839,97414,0
httpx,search,series/search,3,3,3,200,True,,,0.15305333400465315,0.0005095840024296194,0.15357487500295974,51824,,25.0,142605,221987,0
httpx,search,series/search,3,3,4,200,True,,,0.2515440830029547,0.000963166996371001,0.2525227919977624,26077,,25.0,83744,110964,0
httpx,search,series/search,3,3,5,200,True,,,0.28128437499981374,0.00038604099972872064,0.28168141700007254,15797,,25.0,65286,82226,0
httpx,search,series/search,3,3,6,200,True,,,0.20459637499880046,0.00040137500036507845,0.20500854199781315,17414,,25.0,67688,86245,0
httpx,search,series/search,3,3,7,200,True,,,0.42273837499669753,0.00041745800263015553,0.423167208005907,30326,,25.0,96431,127900,0
httpx,search,series/search,3,3,8,200,True,,,0.20729495900013717,0.0003807079992839135,0.20769266699790023,21432,,25.0,74839,97414,0
httpx,search,series/search,3,3,9,200,True,,,0.2604618749974179,0.00047525000263703987,0.26095004200033145,51824,,25.0,142699,222081,0
httpx,search,series/search,3,3,10,200,True,,,0.5075179580016993,0.0005119580018799752,0.508042542001931,26077,,25.0,83650,110870,0
httpx,tags,series/tags,1,1,1,200,True,,,0.18664470899966545,0.00029325000650715083,0.18696258300042246,1977,,14.0,27813,80022,0
httpx,tags,series/tags,1,1,2,200,True,,,0.0919181249992107,0.00011575000098673627,0.0920439580004313,2165,,16.0,25853,76147,0
httpx,tags,series/tags,1,1,3,200,True,,,0.09708554200187791,0.00011341599747538567,0.09720975000527687,1802,,13.0,24423,76235,0
httpx,tags,series/tags,1,1,4,200,True,,,0.08973345800040988,8.77920028869994e-05,0.0898325830057729,1569,,11.0,23668,76194,0
httpx,tags,series/tags,1,1,5,200,True,,,0.1641733340002247,9.862500155577436e-05,0.1642842910005129,1483,,10.0,25379,76094,0
httpx,tags,series/tags,1,1,6,200,True,,,0.14034929100307636,0.00010516699694562703,0.14046591600344982,1977,,14.0,24117,76096,0
httpx,tags,series/tags,1,1,7,200,True,,,0.11532366699975682,0.00011375000030966476,0.11544833399966592,2165,,16.0,25040,76147,0
httpx,tags,series/tags,1,1,8,200,True,,,0.15598395800043363,0.00011212499521207064,0.15610820899746614,1802,,13.0,23475,76094,0
httpx,tags,series/tags,1,1,9,200,True,,,0.1140757500033942,0.00016324999887729064,0.11425737499666866,1569,,11.0,22808,76100,0
httpx,tags,series/tags,1,1,10,200,True,,,0.12621341699559707,8.787499973550439e-05,0.12631270899873925,1483,,10.0,22372,76094,0
httpx,tags,series/tags,1,2,1,200,True,,,0.18821350000507664,0.00022270900080911815,0.1884537090008962,1977,,14.0,26829,79296,0
httpx,tags,series/tags,1,2,2,200,True,,,0.11078820900002029,0.00024412499624304473,0.11104804100614274,2165,,16.0,24993,76053,0
httpx,tags,series/tags,1,2,3,200,True,,,0.12022862499725306,0.00018441699648974463,0.12042875000042841,1802,,13.0,23428,76000,0
httpx,tags,series/tags,1,2,4,200,True,,,0.11008883300382877,9.470799705013633e-05,0.11019566699542338,1569,,11.0,22761,76100,0
httpx,tags,series/tags,1,2,5,200,True,,,0.10012574999564094,0.00016429200331913307,0.10030583399930038,1483,,10.0,22325,76094,0
httpx,tags,series/tags,1,2,6,200,True,,,0.08891600000060862,0.00017458399815950543,0.08910525000101188,1977,,14.0,24117,76143,0
httpx,tags,series/tags,1,2,7,200,True,,,0.0930668329965556,0.00012945799971930683,0.09320762500283308,2165,,16.0,24946,76006,0
httpx,tags,series/tags,1,2,8,200,True,,,0.12789191699994262,0.00010470800043549389,0.12800645799870836,1802,,13.0,23428,76000,0
httpx,tags,series/tags,1,2,9,500,False,,,0.09893812500376953,0.00024408299941569567,0.09920479199354304,58,,,14321,76053,0
httpx,tags,series/tags,1,2,10,500,False,,,0.06914695900195511,1.8375001673121005e-05,0.06917641700420063,58,,,15394,77030,0
httpx,tags,series/tags,1,3,1,500,False,,,0.127785666998534,1.7541999113745987e-05,0.12781387499853736,58,,,17402,79343,0
httpx,tags,series/tags,1,3,2,200,True,,,0.08579458400345175,0.00011641700257314369,0.0859229170018807,2165,,16.0,25113,78057,0
httpx,tags,series/tags,1,3,3,200,True,,,0.11132120799447875,0.00010150000161956996,0.11143379199347692,1802,,13.0,23522,76094,0
httpx,tags,series/tags,1,3,4,200,True,,,0.11444029099948239,9.891700028674677e-05,0.11455154100258369,1569,,11.0,22761,76053,0
httpx,tags,series/tags,1,3,5,200,True,,,0.14442033299565082,0.0001532500027678907,0.1445887500012759,1483,,10.0,22278,76047,0
httpx,tags,series/tags,1,3,6,200,True,,,0.08593020800617523,0.00013304100139066577,0.08607587499864167,1977,,14.0,24023,76049,0
httpx,tags,series/tags,1,3,7,500,False,,,0.08197045799897751,2.608299837447703e-05,0.0820083330036141,58,,,14297,76100,0
httpx,tags,series/tags,1,3,8,500,False,,,0.13427291599509772,1.8541999452281743e-05,0.13430295899888733,58,,,14719,76235,0
httpx,tags,series/tags,1,3,9,500,False,,,0.09643108300224412,2.800000220304355e-05,0.09647333400062053,58,,,14375,76194,0
httpx,tags,series/tags,1,3,10,200,True,,,0.08407483399787452,9.633399895392358e-05,0.084182291997422,1483,,10.0,22278,76000,0
httpx,tags,series/tags,2,1,1,500,False,,,0.13255891699373024,1.9582999811973423e-05,0.13259016600204632,58,,,17114,79390,0
httpx,tags,series/tags,2,1,2,500,False,,,0.107093459002499,2.1958003344479948e-05,0.10712662500009174,58,,,14210,76006,0
httpx,tags,series/tags,2,1,3,500,False,,,0.0816231249991688,3.55829979525879e-05,0.08167212500120513,58,,,14585,76094,0
httpx,tags,series/tags,2,1,4,500,False,,,0.12247658299747854,2.041600237134844e-05,0.12250866700196639,58,,,14489,76006,0
httpx,tags,series/tags,2,1,5,200,True,,,0.12733716599905165,8.795799658400938e-05,0.12743700000282843,1483,,10.0,22278,76000,0
httpx,tags,series/tags,2,1,6,200,True,,,0.0846102079958655,0.0001640839982428588,0.08478808300424134,1977,,14.0,24117,76096,0
httpx,tags,series/tags,2,1,7,500,False,,,0.09586449999915203,2.9249997169245034e-05,0.0959073750054813,58,,,14481,76006,0
httpx,tags,series/tags,2,1,8,200,True,,,0.08254841699817916,0.00015474999963771552,0.08271816700289492,1802,,13.0,23475,76047,0
httpx,tags,series/tags,2,1,9,200,True,,,0.09649641599389724,0.0001014159934129566,0.0966111660018214,1569,,11.0,22808,76100,0
httpx,tags,series/tags,2,1,10,500,False,,,0.06424808399606263,2.3333996068686247e-05,0.06428429199877428,58,,,14172,76000,0
httpx,tags,series/tags,2,2,1,500,False,,,0.12490499999694293,2.833400503732264e-05,0.1249472080016858,58,,,16972,79296,0
httpx,tags,series/tags,2,2,2,200,True,,,0.10926508400007151,0.00024258300254587084,0.10952433299826225,2165,,16.0,25087,76147,0
httpx,tags,series/tags,2,2,3,200,True,,,0.13318208300188417,0.0001208749963552691,0.1333148329940741,1802,,13.0,23428,76000,0
httpx,tags,series/tags,2,2,4,500,False,,,0.09409679099917412,2.5875000574160367e-05,0.09413479200156871,58,,,14457,76006,0
httpx,tags,series/tags,2,2,5,200,True,,,0.1513433329964755,0.00010445799853187054,0.15146050000475952,1483,,10.0,22419,76188,0
httpx,tags,series/tags,2,2,6,200,True,,,0.12183674999687355,0.00011991700012004003,0.12196712500008289,1977,,14.0,24117,76096,0
httpx,tags,series/tags,2,2,7,200,True,,,0.12681270799657796,0.00025645799905760214,0.12708525000198279,2165,,16.0,24993,76053,0
httpx,tags,series/tags,2,2,8,200,True,,,0.29016799999953946,0.0002736250025918707,0.29046454199851723,1802,,13.0,23475,76094,0
httpx,tags,series/tags,2,2,9,200,True,,,0.5980876670000725,0.0002471670013619587,0.5983648749970598,1569,,11.0,22855,76194,0
httpx,tags,series/tags,2,2,10,200,True,,,0.09074687500105938,9.47499938774854e-05,0.09085400000185473,1483,,10.0,22325,76047,0
httpx,tags,series/tags,2,3,1,200,True,,,1.2844921670039184,0.00022716599778505042,1.2847393749980256,1977,,14.0,26876,79343,0
httpx,tags,series/tags,2,3,2,200,True,,,0.09542599999986123,0.00015504199836868793,0.09559508399979677,2165,,16.0,25087,76147,0
httpx,tags,series/tags,2,3,3,200,True,,,1.884029750006448,0.00029195800016168505,1.8843461249998654,1802,,13.0,24387,78843,0
httpx,tags,series/tags,2,3,4,200,True,,,0.08462574999430217,0.00010433300485601649,0.08474241699877894,1569,,11.0,22714,76006,0
httpx,tags,series/tags,2,3,5,200,True,,,0.0838960839973879,0.0001625829972908832,0.08407437500136439,1483,,10.0,22325,76047,0
httpx,tags,series/tags,2,3,6,200,True,,,0.08120708400383592,0.000149207997310441,0.08137066700146534,1977,,14.0,24211,76190,0
httpx,tags,series/tags,2,3,7,200,True,,,0.2728191250062082,0.0002589169962448068,0.2730981670028996,2165,,16.0,27327,76053,0
httpx,tags,series/tags,2,3,8,200,True,,,0.08411766700010048,0.00012541699834400788,0.08425458299461752,1802,,13.0,26045,78913,0
httpx,tags,series/tags,2,3,9,200,True,,,0.09403679199749604,0.00014937499508960173,0.09420041600242257,1569,,11.0,25243,78831,0
httpx,tags,series/tags,2,3,10,200,True,,,0.09820858400053112,0.00012870900536654517,0.0983518329958315,1483,,10.0,24873,78891,0
httpx,tags,series/tags,3,1,1,200,True,,,0.11765516600280534,0.000153290995513089,0.11782162499730475,1977,,14.0,26970,79437,0
httpx,tags,series/tags,3,1,2,200,True,,,0.10974412499490427,0.0001645419979467988,0.10992154199630022,2165,,16.0,24993,76053,0
httpx,tags,series/tags,3,1,3,200,True,,,0.10977175000152783,0.00013595799828181043,0.10992041700228583,1802,,13.0,23569,76188,0
httpx,tags,series/tags,3,1,4,200,True,,,0.13096574999508448,0.00019504199735820293,0.13117766699724598,1569,,11.0,22761,76053,0
httpx,tags,series/tags,3,1,5,200,True,,,0.1273255420019268,0.00017700000171316788,0.12751829199987696,1483,,10.0,22325,76047,0
httpx,tags,series/tags,3,1,6,200,True,,,0.09324349999951664,0.0001310419975197874,0.0933934999993653,1977,,14.0,24070,76049,0
httpx,tags,series/tags,3,1,7,200,True,,,0.12096304100123234,0.00019916699966415763,0.12117624999518739,2165,,16.0,24993,76053,0
httpx,tags,series/tags,3,1,8,200,True,,,0.10503183300170349,0.0001600420000613667,0.10521929200331215,1802,,13.0,23475,76047,0
httpx,tags,series/tags,3,1,9,200,True,,,0.09848166599840624,0.00014416699559660628,0.09864087499590823,1569,,11.0,22808,76100,0
httpx,tags,series/tags,3,1,10,200,True,,,0.17992324999795528,0.00025599999935366213,0.18022345899953507,1483,,10.0,24136,76141,0
httpx,tags,series/tags,3,2,1,200,True,,,0.26693620800506324,0.000295541001833044,0.2672519999978249,1977,,14.0,29209,79437,0
httpx,tags,series/tags,3,2,2,200,True,,,0.13310970799648203,0.0002581659937277436,0.1333874579941039,2165,,16.0,26899,78255,0
httpx,tags,series/tags,3,2,3,200,True,,,0.0850868330016965,0.0001377079970552586,0.08523937499558087,1802,,13.0,25475,78390,0
httpx,tags,series/tags,3,2,4,200,True,,,0.10175633300241316,0.00013704200682695955,0.10190854200482136,1569,,11.0,24498,78133,0
httpx,tags,series/tags,3,2,5,200,True,,,0.0904075409998768,0.00011345799430273473,0.0905334999988554,1483,,10.0,24109,78127,0
httpx,tags,series/tags,3,2,6,200,True,,,0.13606079100281931,0.0002145830003428273,0.1362929590031854,1977,,14.0,25854,78129,0
httpx,tags,series/tags,3,2,7,200,True,,,0.09287433400459122,0.00018329200247535482,0.09307199999602744,2165,,16.0,26899,78302,0
httpx,tags,series/tags,3,2,8,200,True,,,0.10538120799901662,0.0001773330004652962,0.10557295799662825,1802,,13.0,25277,78202,0
httpx,tags,series/tags,3,2,9,200,True,,,0.1449199580019922,0.00018716699560172856,0.14512512500368757,1569,,11.0,24714,78349,0
httpx,tags,series/tags,3,2,10,200,True,,,0.16229883299820358,0.00021050000214017928,0.16252870800235542,1483,,10.0,24231,78249,0
httpx,tags,series/tags,3,3,1,200,True,,,0.14349258299625944,0.00014745799853699282,0.14365337500203168,1977,,14.0,26876,79390,0
httpx,tags,series/tags,3,3,2,200,True,,,0.11402583299786784,0.00018758400256047025,0.11422804199537495,2165,,16.0,25040,76100,0
httpx,tags,series/tags,3,3,3,200,True,,,0.1231277080005384,0.00018854199879569933,0.12333329200191656,1802,,13.0,23475,76047,0
httpx,tags,series/tags,3,3,4,200,True,,,0.12085916700016242,0.0001634579966776073,0.12103937500069151,1569,,11.0,22902,76194,0
httpx,tags,series/tags,3,3,5,200,True,,,0.09373925000545569,0.00013337500422494486,0.09388745799515164,1483,,10.0,22325,76047,0
httpx,tags,series/tags,3,3,6,200,True,,,0.1423820829950273,0.00017095799557864666,0.14256795799883548,1977,,14.0,24070,76049,0
httpx,tags,series/tags,3,3,7,200,True,,,0.1164041250012815,0.00021512499370146543,0.11663520800357219,2165,,16.0,24993,76100,0
httpx,tags,series/tags,3,3,8,200,True,,,0.11610233400278958,0.00018575000285636634,0.11631020800268743,1802,,13.0,24380,77143,0
httpx,tags,series/tags,3,3,9,200,True,,,0.10257987499790033,0.00014583300071535632,0.10274104100244585,1569,,11.0,22761,76053,0
httpx,tags,series/tags,3,3,10,200,True,,,0.11320004099979997,0.0001206660017487593,0.1133339999942109,1483,,10.0,22445,78051,0
httpx,mixed,series/observations,1,1,1,200,True,,,0.1566611250018468,0.006494041997939348,0.16317108300427208,86299,915.0,,458585,545931,0
httpx,mixed,series,1,1,2,200,True,,,0.09615245800523553,9.691600280348212e-05,0.0962687499995809,1036,,1.0,19083,76180,0
httpx,mixed,series/observations,1,1,3,200,True,,,0.09096104099444347,0.00041745800263015553,0.09139525000500726,7047,72.0,,48849,76654,0
httpx,mixed,series/observations,1,1,4,200,True,,,0.086037082997791,0.004480292001971975,0.09053149999817833,86299,915.0,,456132,543454,0
httpx,mixed,series/search,1,1,5,200,True,,,0.08150545799435349,0.00041091599996434525,0.08193412499531405,30326,,25.0,96572,128041,0
httpx,mixed,series/tags,1,1,6,200,True,,,0.4563789169988013,0.00010412499977974221,0.45649445799790556,1977,,14.0,24070,76049,0
httpx,mixed,series,1,1,7,200,True,,,0.07468354199954774,4.725000326288864e-05,0.07474283399642445,1036,,1.0,18942,76086,0
httpx,mixed,series/tags,1,1,8,200,True,,,0.4270460829939111,0.0002791250008158386,0.4273500839990447,1977,,14.0,24070,76049,0
httpx,mixed,series/observations,1,1,9,200,True,,,0.08719470800133422,0.00044779200106859207,0.08765770900208736,7047,72.0,,48896,76701,0
httpx,mixed,series/search,1,1,10,200,True,,,0.24229266600013943,0.0009621249992051162,0.24327741700108163,30326,,25.0,96478,127947,0
httpx,mixed,series/observations,1,2,1,200,True,,,0.14440858300076798,0.006436541996663436,0.1508630840035039,86299,915.0,,458522,545844,0
httpx,mixed,series,1,2,2,200,True,,,0.10825912499421975,6.516699795611203e-05,0.10833908300264739,1036,,1.0,18942,76039,0
httpx,mixed,series/observations,1,2,3,200,True,,,0.11071320799965179,0.0005238750018179417,0.11125883400382008,7047,72.0,,48755,76513,0
httpx,mixed,series/observations,1,2,4,200,True,,,0.10964162499294616,0.0049297500008833595,0.11458670800493564,86299,915.0,,456226,543548,0
httpx,mixed,series/search,1,2,5,200,True,,,0.10994324999774108,0.0007451250057783909,0.11070295899844496,30326,,25.0,96525,127994,0
httpx,mixed,series/tags,1,2,6,200,True,,,0.15124500000092667,0.00022904200159246102,0.151493000004848,1977,,14.0,24211,76237,0
httpx,mixed,series,1,2,7,200,True,,,0.08105520800017985,5.7709003158379346e-05,0.08112591600365704,1036,,1.0,18989,76133,0
httpx,mixed,series/tags,1,2,8,200,True,,,0.16296287499426398,0.00023133299691835418,0.16320983399782563,1977,,14.0,24164,76190,0
httpx,mixed,series/observations,1,2,9,200,True,,,0.5300302910036407,0.0007063750017550774,0.5307620829989901,7047,72.0,,48849,76654,0
httpx,mixed,series/search,1,2,10,200,True,,,0.083741333000944,0.0006529579986818135,0.08440775000053691,30326,,25.0,96431,127900,0
httpx,mixed,series/observations,1,3,1,200,True,,,0.12889754199568415,0.0033039580011973158,0.13221449999400647,86299,915.0,,458475,545797,0
httpx,mixed,series,1,3,2,200,True,,,0.07205550000071526,4.187499871477485e-05,0.07211054200161016,1036,,1.0,18989,76133,0
httpx,mixed,series/observations,1,3,3,200,True,,,0.11263279199920362,0.00027437500102678314,0.11292029100150103,7047,72.0,,48802,76607,0
httpx,mixed,series/observations,1,3,4,200,True,,,0.30348370900173904,0.0029514999987441115,0.3064483330017538,86299,915.0,,456179,543501,0
httpx,mixed,series/search,1,3,5,200,True,,,0.12858000000414904,0.0005640419985866174,0.12915741699544014,30326,,25.0,96525,127994,0
httpx,mixed,series/tags,1,3,6,200,True,,,0.16883729200344533,0.00024129100347636268,0.16909675000351854,1977,,14.0,24164,76190,0
httpx,mixed,series,1,3,7,200,True,,,0.08059666700137313,5.454200436361134e-05,0.0806647920035175,1036,,1.0,18942,76039,0
httpx,mixed,series/tags,1,3,8,200,True,,,0.09646245800104225,0.00019141600205330178,0.09666670900332974,1977,,14.0,24070,76049,0
httpx,mixed,series/observations,1,3,9,200,True,,,0.11781983300170396,0.0004628340029739775,0.11829766700248001,7047,72.0,,48849,76654,0
httpx,mixed,series/search,1,3,10,200,True,,,0.1257504580062232,0.0008461250035907142,0.1266140000006999,30326,,25.0,96572,128041,0
httpx,mixed,series/observations,2,1,1,200,True,,,0.16784049999841955,0.007361999996646773,0.17522245900181588,86299,915.0,,458475,545797,0
httpx,mixed,series,2,1,2,200,True,,,0.08331899999757297,6.362499698298052e-05,0.08340441600012127,1036,,1.0,18942,76039,0
httpx,mixed,series/observations,2,1,3,200,True,,,0.11479970800428418,0.0005035840003984049,0.11531895799998892,7047,72.0,,49547,77449,0
httpx,mixed,series/observations,2,1,4,200,True,,,0.12548545799654676,0.006095333999837749,0.1315984169996227,86299,915.0,,456132,543454,0
httpx,mixed,series/search,2,1,5,200,True,,,0.12894187499477994,0.0008142500009853393,0.12977354100439698,30326,,25.0,96255,127724,0
httpx,mixed,series/tags,2,1,6,200,True,,,0.10078062499815132,0.0001768750007613562,0.10097166699415538,1977,,14.0,24117,76096,0
httpx,mixed,series,2,1,7,200,True,,,0.0780868330039084,5.354099994292483e-05,0.07815091600059532,1036,,1.0,18989,76086,0
httpx,mixed,series/tags,2,1,8,200,True,,,0.10619520900218049,0.00017595800454728305,0.10638466700038407,1977,,14.0,24070,76049,0
httpx,mixed,series/observations,2,1,9,200,True,,,0.09259033299895236,0.00039604199992027134,0.09300345899828244,7047,72.0,,48755,76513,0
httpx,mixed,series/search,2,1,10,200,True,,,0.09583225000096718,0.0006563339993590489,0.09650349999719765,30326,,25.0,96572,128041,0
httpx,mixed,series/observations,2,2,1,200,True,,,0.15148424999642884,0.0063441669990425,0.1578477090006345,86299,915.0,,458522,545844,0
httpx,mixed,series,2,2,2,200,True,,,0.08315779200347606,5.929100007051602e-05,0.0832326249947073,1036,,1.0,18942,76039,0
httpx,mixed,series/observations,2,2,3,200,True,,,0.11076820799644338,0.00047341599565697834,0.1112578750035027,7047,72.0,,48802,76607,0
httpx,mixed,series/observations,2,2,4,200,True,,,0.09251841699733632,0.00487299999804236,0.09740729199984344,86299,915.0,,456179,543501,0
httpx,mixed,series/search,2,2,5,200,True,,,0.08258849999401718,0.0007731670048087835,0.08337675000075251,30326,,25.0,96478,127947,0
httpx,mixed,series/tags,2,2,6,200,True,,,0.08029087500472087,0.00017166700126836076,0.08047616699332139,1977,,14.0,24070,76049,0
httpx,mixed,series,2,2,7,200,True,,,0.07576933300151723,5.729199619963765e-05,0.07584104100533295,1036,,1.0,19083,76180,0
httpx,mixed,series/tags,2,2,8,200,True,,,0.1053299160048482,0.00017295900033786893,0.1055179169998155,1977,,14.0,24070,76049,0
httpx,mixed,series/observations,2,2,9,200,True,,,0.11566512499848614,0.0005196249985601753,0.11620558299910044,7047,72.0,,48802,76560,0
httpx,mixed,series/search,2,2,10,200,True,,,0.10082708400295814,0.0007295830000657588,0.10157362499739975,30326,,25.0,96572,128041,0
httpx,mixed,series/observations,2,3,1,200,True,,,0.12176641700352775,0.005971209000563249,0.12776229200244416,86299,915.0,,458475,545797,0
httpx,mixed,series,2,3,2,200,True,,,0.08632999999827007,5.450000026030466e-05,0.08641404200170655,1036,,1.0,18942,76039,0
httpx,mixed,series/observations,2,3,3,200,True,,,0.11455937499704305,0.0004439170006662607,0.11501883299933979,7047,72.0,,48849,76607,0
httpx,mixed,series/observations,2,3,4,200,True,,,0.10917666699970141,0.004253541999787558,0.11345070800598478,86299,915.0,,456179,543501,0
httpx,mixed,series/search,2,3,5,200,True,,,0.13407762499991804,0.0008312909994856454,0.1349261249997653,30326,,25.0,96572,128041,0
httpx,mixed,series/tags,2,3,6,200,True,,,0.11277783399418695,0.00019987500127172098,0.11299325000436511,1977,,14.0,24070,76049,0
httpx,mixed,series,2,3,7,200,True,,,0.09127062499464955,5.8458004787098616e-05,0.09134270800132072,1036,,1.0,18942,76039,0
httpx,mixed,series/tags,2,3,8,200,True,,,0.0804030419967603,0.00016524999955436215,0.08058616700145649,1977,,14.0,24117,76190,0
httpx,mixed,series/observations,2,3,9,200,True,,,0.08719224999367725,0.0004032500000903383,0.08760887500102399,7047,72.0,,48896,76701,0
httpx,mixed,series/search,2,3,10,200,True,,,0.09785612500127172,0.0007186250004451722,0.09858908400201472,30326,,25.0,96525,127994,0
httpx,mixed,series/observations,3,1,1,200,True,,,0.2787948340046569,0.007966625002154615,0.28678604099695804,86299,915.0,,458475,545797,98304
httpx,mixed,series,3,1,2,200,True,,,0.1148016250008368,5.7999997807201e-05,0.11487579200183973,1036,,1.0,18989,76086,0
httpx,mixed,series/observations,3,1,3,200,True,,,0.09246225000242703,0.0004015000013168901,0.09287733300152468,7047,72.0,,48849,76607,0
httpx,mixed,series/observations,3,1,4,200,True,,,0.2471819590064115,0.007429666999087203,0.2546372919969144,86299,915.0,,456226,543548,131072
httpx,mixed,series/search,3,1,5,200,True,,,0.1490347090002615,0.0010101250009029172,0.150064959001611,30326,,25.0,96525,127994,0
httpx,mixed,series/tags,3,1,6,200,True,,,0.12705408399779117,0.00019500000053085387,0.1272838340009912,1977,,14.0,24164,76143,0
httpx,mixed,series,3,1,7,200,True,,,0.13986512499832315,8.683300256961957e-05,0.1399675830034539,1036,,1.0,19083,76180,0
httpx,mixed,series/tags,3,1,8,200,True,,,0.16193475000181934,0.00029491600434994325,0.16224933299963595,1977,,14.0,24164,76143,0
httpx,mixed,series/observations,3,1,9,200,True,,,0.10404404199653072,0.00043908299994654953,0.1044973750031204,7047,72.0,,48755,76560,0
httpx,mixed,series/search,3,1,10,200,True,,,0.13569787500455277,0.0008968330002971925,0.13661141700140433,30326,,25.0,96478,127947,0
httpx,mixed,series/observations,3,2,1,200,True,,,0.13754995799536118,0.005873458001588006,0.14344312500179512,86299,915.0,,458475,545797,0
httpx,mixed,series,3,2,2,200,True,,,0.11096979200374335,6.516699795611203e-05,0.11105099999986123,1036,,1.0,19854,76975,0
httpx,mixed,series/observations,3,2,3,200,True,,,0.25666745800117496,0.0006791670020902529,0.2573725830006879,7047,72.0,,48875,78517,0
httpx,mixed,series/observations,3,2,4,200,True,,,0.3657810829972732,0.008386458997847512,0.37419054199563107,86299,915.0,,456273,543595,0
httpx,mixed,series/search,3,2,5,200,True,,,0.09451141599856783,0.000726833997759968,0.095254665997345,30326,,25.0,96431,127900,0
httpx,mixed,series/tags,3,2,6,200,True,,,0.10170562499843072,0.00014024999836692587,0.10185925000405405,1977,,14.0,24164,76143,0
httpx,mixed,series,3,2,7,200,True,,,0.09291533299983712,5.633300315821543e-05,0.09298462500009919,1036,,1.0,18942,76039,0
httpx,mixed,series/tags,3,2,8,200,True,,,0.08489295899926219,0.00015916599659249187,0.08506612500059418,1977,,14.0,24117,76096,0
httpx,mixed,series/observations,3,2,9,200,True,,,0.147854291004478,0.0006144579965621233,0.14848895800241735,7047,72.0,,48802,76560,0
httpx,mixed,series/search,3,2,10,200,True,,,0.07383491699874867,0.0005926660014665686,0.07444212499831337,30326,,25.0,96478,127947,0
httpx,mixed,series/observations,3,3,1,200,True,,,0.1297699589995318,0.0057499589966028,0.1355370830060565,86299,915.0,,458569,545891,0
httpx,mixed,series,3,3,2,200,True,,,0.08825579100084724,5.1707997045014054e-05,0.08832183299819008,1036,,1.0,19130,76227,0
httpx,mixed,series/observations,3,3,3,200,True,,,0.09127133300353307,0.0003924999982700683,0.0916775419973419,7047,72.0,,48802,76560,0
httpx,mixed,series/observations,3,3,4,200,True,,,0.09008454199647531,0.004867957999522332,0.09496875000331784,86299,915.0,,456132,543454,0
httpx,mixed,series/search,3,3,5,200,True,,,0.07737687500048196,0.0006035830010659993,0.07799687499937136,30326,,25.0,96572,128041,0
httpx,mixed,series/tags,3,3,6,200,True,,,0.08264579200476874,0.0001523750033811666,0.08281166599772405,1977,,14.0,24164,76190,0
httpx,mixed,series,3,3,7,200,True,,,0.10330712499853689,6.604100053664297e-05,0.10338937499909662,1036,,1.0,18989,76133,0
httpx,mixed,series/tags,3,3,8,200,True,,,0.08088637499895412,0.0001552500034449622,0.08105675000115298,1977,,14.0,24164,76190,0
httpx,mixed,series/observations,3,3,9,200,True,,,0.11120250000385568,0.00046929100062698126,0.11168800000450574,7047,72.0,,48755,76560,0
httpx,mixed,series/search,3,3,10,200,True,,,0.09424445799959358,0.0006567079981323332,0.09491512500244426,30326,,25.0,96431,127900,0
requests,metadata_small,series,1,1,1,200,True,,,0.1538168749975739,3.0082999728620052e-05,0.1538723330013454,1036,,1.0,20962,49582,0
requests,metadata_small,series,1,1,2,200,True,,,0.08760624999558786,3.5707998904399574e-05,0.08766554199974053,3159,,1.0,15073,43911,0
requests,metadata_small,series,1,1,3,200,True,,,0.10689695799374022,3.5750003007706255e-05,0.10695566600043094,4435,,1.0,16384,45429,0
requests,metadata_small,series,1,1,4,200,True,,,0.07394249999924796,3.6666999221779406e-05,0.07400370899995323,1054,,1.0,13206,41004,0
requests,metadata_small,series,1,1,5,200,True,,,0.0917301250010496,3.2125004508998245e-05,0.09178495900414418,2179,,1.0,14118,42413,0
requests,metadata_small,series,1,1,6,200,True,,,0.10065491699788254,3.375000233063474e-05,0.10071404100017389,930,,1.0,13329,40766,0
requests,metadata_small,series,1,1,7,200,True,,,0.08827208299771883,2.9916001949459314e-05,0.0883233749991632,666,,1.0,12557,39675,0
requests,metadata_small,series,1,1,8,200,True,,,0.08551795899984427,3.208399721188471e-05,0.08557383299921639,744,,1.0,12680,39763,0
requests,metadata_small,series,1,1,9,200,True,,,0.081671792002453,3.183299850206822e-05,0.08172474999446422,911,,1.0,13026,40293,0
requests,metadata_small,series,1,1,10,200,True,,,0.08883404199877987,4.1167004383169115e-05,0.08891387499897974,891,,1.0,12770,39829,0
requests,metadata_small,series,1,2,1,200,True,,,0.1566762500006007,6.054100231267512e-05,0.15677695799968205,1036,,1.0,21555,49167,0
requests,metadata_small,series,1,2,2,200,True,,,0.08205712500057416,6.125000072643161e-05,0.08214933399722213,3159,,1.0,13885,42013,0
requests,metadata_small,series,1,2,3,200,True,,,0.10611241700098617,5.741700442740694e-05,0.10619808299816214,4435,,1.0,15156,43587,0
requests,metadata_small,series,1,2,4,200,True,,,0.10590574999514502,5.691600381396711e-05,0.10599758299940731,1054,,1.0,12003,39272,0
requests,metadata_small,series,1,2,5,200,True,,,0.10709408300317591,6.016700353939086e-05,0.10718641599669354,2179,,1.0,12928,40815,0
requests,metadata_small,series,1,2,6,200,True,,,0.10199799999827519,2.7292000595480204e-05,0.10204470799362753,930,,1.0,12166,39242,0
requests,metadata_small,series,1,2,7,200,True,,,0.08956633399793645,5.208299990044907e-05,0.0896487080026418,666,,1.0,11416,38179,0
requests,metadata_small,series,1,2,8,200,True,,,0.10555645800195634,5.4291995184030384e-05,0.1056403330003377,744,,1.0,11546,38285,0
requests,metadata_small,series,1,2,9,200,True,,,0.0869117090041982,4.895799793303013e-05,0.08698970800469397,911,,1.0,11906,38843,0
requests,metadata_small,series,1,2,10,200,True,,,0.09089366700209212,2.9582995921373367e-05,0.09094466600072337,891,,1.0,11647,38393,0
requests,metadata_small,series,1,3,1,200,True,,,0.16593695800111163,6.641700019827113e-05,0.16604395899776137,1036,,1.0,21699,48831,0
requests,metadata_small,series,1,3,2,200,True,,,0.08539041699987138,3.816699609160423e-05,0.0854509999990114,3159,,1.0,13885,41557,0
requests,metadata_small,series,1,3,3,200,True,,,0.12645508300192887,3.837500116787851e-05,0.12651533399912296,4435,,1.0,15156,43203,0
requests,metadata_small,series,1,3,4,200,True,,,0.09455991700087907,3.591700078686699e-05,0.09461966699745972,1054,,1.0,12795,39704,0
requests,metadata_small,series,1,3,5,200,True,,,0.10526404199481476,3.704200207721442e-05,0.10532366600091336,2179,,1.0,12928,40471,0
requests,metadata_small,series,1,3,6,200,True,,,0.095572500002163,2.8833004762418568e-05,0.09562200000073062,930,,1.0,12286,39042,0
requests,metadata_small,series,1,3,7,200,True,,,0.08005579199380009,3.274999471614137e-05,0.08010975000070175,666,,1.0,11416,37891,0
requests,metadata_small,series,1,3,8,200,True,,,0.12360383300256217,4.7708002966828644e-05,0.12367883299884852,744,,1.0,11546,38037,0
requests,metadata_small,series,1,3,9,200,True,,,0.08696008299739333,4.400000034365803e-05,0.08703016700019361,911,,1.0,11906,38627,0
requests,metadata_small,series,1,3,10,200,True,,,0.0939262920001056,4.8000001697801054e-05,0.09400783300225157,891,,1.0,11647,38209,0
requests,metadata_small,series,2,1,1,200,True,,,0.1329342090029968,7.441700290655717e-05,0.1330396249977639,1036,,1.0,21531,48543,0
requests,metadata_small,series,2,1,2,200,True,,,0.09441070799948648,4.8542002332396805e-05,0.09448629100370454,3159,,1.0,13885,41461,0
requests,metadata_small,series,2,1,3,200,True,,,0.08743016700464068,5.6750002840999514e-05,0.08751404099893989,4435,,1.0,15156,43131,0
requests,metadata_small,series,2,1,4,200,True,,,0.11124749999726191,5.4957999964244664e-05,0.11133437499665888,1054,,1.0,12003,38864,0
requests,metadata_small,series,2,1,5,200,True,,,0.09720716700394405,4.9957998271565884e-05,0.0972861250047572,2179,,1.0,12928,40447,0
requests,metadata_small,series,2,1,6,200,True,,,0.12203729199973168,5.1707997045014054e-05,0.12212349999754224,930,,1.0,12166,38914,0
requests,metadata_small,series,2,1,7,200,True,,,0.1009642079952755,5.2041999879293144e-05,0.10104708300059428,666,,1.0,11416,37891,0
requests,metadata_small,series,2,1,8,200,True,,,0.07669170900044264,5.620799493044615e-05,0.07677537499694154,744,,1.0,11546,38037,0
requests,metadata_small,series,2,1,9,200,True,,,0.09753341599571286,5.241699545877054e-05,0.09761708300356986,911,,1.0,11906,38627,0
requests,metadata_small,series,2,1,10,200,True,,,0.07406875000015134,5.045800207881257e-05,0.07415237500390504,891,,1.0,11647,38209,0
requests,metadata_small,series,2,2,1,200,True,,,0.16402120800194098,5.629200313705951e-05,0.1641182919993298,1036,,1.0,21515,48527,0
requests,metadata_small,series,2,2,2,200,True,,,0.08003620900126407,5.5749995226506144e-05,0.08013100000243867,3159,,1.0,13885,41461,0
requests,metadata_small,series,2,2,3,200,True,,,0.07591949999914505,5.787500413134694e-05,0.07600683399505215,4435,,1.0,15156,43131,0
requests,metadata_small,series,2,2,4,200,True,,,0.08519404099934036,4.975000047124922e-05,0.08527304099698085,1054,,1.0,12003,38864,0
requests,metadata_small,series,2,2,5,200,True,,,0.08280612499947893,4.470799467526376e-05,0.0828784590048599,2179,,1.0,12928,40447,0
requests,metadata_small,series,2,2,6,200,True,,,0.1166587920015445,4.741599695989862e-05,0.11673841699666809,930,,1.0,12166,38914,0
requests,metadata_small,series,2,2,7,200,True,,,0.09313129100337392,4.8582995077595115e-05,0.09320704199490137,666,,1.0,11416,37891,0
requests,metadata_small,series,2,2,8,200,True,,,0.09904033400380285,4.829200042877346e-05,0.09911691599700134,744,,1.0,11546,38037,0
requests,metadata_small,series,2,2,9,200,True,,,0.07670387499820208,4.670800262829289e-05,0.07678320899867686,911,,1.0,11906,38627,0
requests,metadata_small,series,2,2,10,200,True,,,0.08343183399847476,4.9957998271565884e-05,0.08350916700146627,891,,1.0,11647,38209,0
requests,metadata_small,series,2,3,1,200,True,,,0.17645920899667544,6.458300049416721e-05,0.17656195899326121,1036,,1.0,21462,48474,0
requests,metadata_small,series,2,3,2,200,True,,,0.11378554199473001,6.158299947855994e-05,0.11387745800311677,3159,,1.0,13885,41461,0
requests,metadata_small,series,2,3,3,200,True,,,0.08339337499637622,5.6915996538009495e-05,0.08348579199810047,4435,,1.0,15156,43131,0
requests,metadata_small,series,2,3,4,200,True,,,0.08154216700495454,4.8999994760379195e-05,0.08161824999842793,1054,,1.0,12003,38864,0
requests,metadata_small,series,2,3,5,200,True,,,0.11535995800659293,5.320899799698964e-05,0.11544437499833293,2179,,1.0,12928,40447,0
requests,metadata_small,series,2,3,6,200,True,,,0.08392341699800454,4.629199975170195e-05,0.08400045799498912,930,,1.0,12166,38914,0
requests,metadata_small,series,2,3,7,200,True,,,0.08000691600318532,4.616699879989028e-05,0.08008508299826644,666,,1.0,11416,37891,0
requests,metadata_small,series,2,3,8,200,True,,,0.10013650000473717,5.454200436361134e-05,0.1002211669983808,744,,1.0,11546,38037,0
requests,metadata_small,series,2,3,9,200,True,,,0.09541024999634828,4.737500421470031e-05,0.09548691600502934,911,,1.0,11906,38627,0
requests,metadata_small,series,2,3,10,200,True,,,0.09634537500096485,4.3291998736094683e-05,0.09641649999684887,891,,1.0,11647,38209,0
requests,metadata_small,series,3,1,1,200,True,,,0.12473416599823395,5.966699973214418e-05,0.12482316700334195,1036,,1.0,21659,48671,0
requests,metadata_small,series,3,1,2,200,True,,,0.08575179100444075,6.783400021959096e-05,0.08585166700504487,3159,,1.0,13885,41461,0
requests,metadata_small,series,3,1,3,200,True,,,0.09125804100040114,6.374999793479219e-05,0.09135308399709174,4435,,1.0,15156,43131,0
requests,metadata_small,series,3,1,4,200,True,,,0.08346629200241296,3.745800495380536e-05,0.0835271250034566,1054,,1.0,12003,38864,0
requests,metadata_small,series,3,1,5,200,True,,,0.07108916699507972,4.908400296699256e-05,0.07116570899961516,2179,,1.0,12928,40447,0
requests,metadata_small,series,3,1,6,200,True,,,0.08809729200584115,3.904200275428593e-05,0.08816708299855236,930,,1.0,12166,38914,0
requests,metadata_small,series,3,1,7,200,True,,,0.101151499999105,5.2167000831104815e-05,0.10123670799657702,666,,1.0,11416,37891,0
requests,metadata_small,series,3,1,8,200,True,,,0.11795912500383565,5.17919979756698e-05,0.11804141599714058,744,,1.0,11546,38037,0
requests,metadata_small,series,3,1,9,200,True,,,0.09135983299347572,5.287499516271055e-05,0.09144295800069813,911,,1.0,11906,38627,0
requests,metadata_small,series,3,1,10,200,True,,,0.10646337499929359,4.883299698121846e-05,0.10654224999598227,891,,1.0,11647,38209,0
requests,metadata_small,series,3,2,1,200,True,,,0.12012162499740953,4.758300201501697e-05,0.12019829199562082,1036,,1.0,22387,49399,0
requests,metadata_small,series,3,2,2,200,True,,,0.09701391700218664,6.608399417018518e-05,0.09711145800247323,3159,,1.0,13885,41461,0
requests,metadata_small,series,3,2,3,200,True,,,0.07435995800187811,7.012499554548413e-05,0.07446016700123437,4435,,1.0,15036,43011,0
requests,metadata_small,series,3,2,4,200,True,,,0.07582774999900721,4.454200097825378e-05,0.07589983299840242,1054,,1.0,12003,38864,0
requests,metadata_small,series,3,2,5,200,True,,,0.08252862499648472,5.662500188918784e-05,0.08261737500288291,2179,,1.0,12928,40447,0
requests,metadata_small,series,3,2,6,200,True,,,0.07993400000123074,4.9500005843583494e-05,0.08001408400014043,930,,1.0,12166,38914,0
requests,metadata_small,series,3,2,7,200,True,,,0.07344641700183274,4.6749999455641955e-05,0.07351975000347011,666,,1.0,11416,37891,0
requests,metadata_small,series,3,2,8,200,True,,,0.10228629199991701,5.3290998039301485e-05,0.1023686250046012,744,,1.0,11546,38037,0
requests,metadata_small,series,3,2,9,200,True,,,0.07876774999749614,4.758300201501697e-05,0.07884300000296207,911,,1.0,11906,38627,0
requests,metadata_small,series,3,2,10,200,True,,,0.08487583300302504,4.358399746706709e-05,0.08495012499770382,891,,1.0,11647,38209,0
requests,metadata_small,series,3,3,1,200,True,,,0.1624535000009928,5.670799873769283e-05,0.16254387499793665,1036,,1.0,21483,48495,0
requests,metadata_small,series,3,3,2,200,True,,,0.1615467909941799,8.125000022118911e-05,0.16166541699931258,3159,,1.0,13885,41461,0
requests,metadata_small,series,3,3,3,200,True,,,0.13208974999724887,7.40409959689714e-05,0.13219720899360254,4435,,1.0,15156,43131,0
requests,metadata_small,series,3,3,4,200,True,,,0.1225088749997667,6.291700265137479e-05,0.12260675000288757,1054,,1.0,12003,38864,0
requests,metadata_small,series,3,3,5,200,True,,,0.08082562499475898,5.0209004257339984e-05,0.08090333400468808,2179,,1.0,12928,40447,0
requests,metadata_small,series,3,3,6,200,True,,,0.08061224999983096,4.549999721348286e-05,0.08069320800132118,930,,1.0,12166,38914,0
requests,metadata_small,series,3,3,7,200,True,,,0.10229495800012955,5.3750001825392246e-05,0.10237812500417931,666,,1.0,11416,37891,0
requests,metadata_small,series,3,3,8,200,True,,,0.08210241699998733,4.608299786923453e-05,0.082173499999044,744,,1.0,11546,38037,0
requests,metadata_small,series,3,3,9,200,True,,,0.07336070900055347,4.570800228975713e-05,0.0734336669993354,911,,1.0,11906,38627,0
requests,metadata_small,series,3,3,10,200,True,,,0.08368362499459181,4.533299943432212e-05,0.08375687499938067,891,,1.0,11647,38209,0
requests,observations_medium,series/observations,1,1,1,200,True,,,0.17183845800173003,0.0002463330019963905,0.17210662499564933,7047,72.0,,46494,76526,0
requests,observations_medium,series/observations,1,1,2,200,True,,,0.10328041699540336,0.00024812500487314537,0.10355070799414534,7331,72.0,,38847,69593,0
requests,observations_medium,series/observations,1,1,3,200,True,,,0.0890960000033374,0.00025504199584247544,0.08937220799998613,7115,72.0,,38368,68538,0
requests,observations_medium,series/observations,1,1,4,200,True,,,0.10799899999983609,0.007393708001472987,0.11542062499938766,148826,1566.0,,618265,924694,163840
requests,observations_medium,series/observations,1,1,5,200,True,,,0.08521570800076006,0.00023562499700346962,0.08547699999326142,7259,72.0,,38769,69369,0
requests,observations_medium,series/observations,1,1,6,200,True,,,0.09811174999776995,0.00010762500460259616,0.09824141699937172,2672,24.0,,19948,41411,0
requests,observations_medium,series/observations,1,1,7,200,True,,,0.10636062499543186,0.00023462500394089147,0.1066157090026536,7331,72.0,,38625,69222,0
requests,observations_medium,series/observations,1,1,8,200,True,,,0.10522129199671326,0.00024537499848520383,0.105488041001081,7367,72.0,,38670,69342,0
requests,observations_medium,series/observations,1,1,9,200,True,,,0.08587595799326664,0.0002468750026309863,0.08614495900110342,7331,72.0,,38628,69226,0
requests,observations_medium,series/observations,1,1,10,200,True,,,0.09503916700487025,0.00037704099668189883,0.09544329199707136,7258,72.0,,43182,73635,0
requests,observations_medium,series/observations,1,2,1,200,True,,,0.14816216599865584,0.00046620899956906214,0.14866612499463372,7047,72.0,,46107,76360,0
requests,observations_medium,series/observations,1,2,2,200,True,,,0.09591475000343053,0.00031279100221581757,0.09625295799924061,7331,72.0,,37508,68477,0
requests,observations_medium,series/observations,1,2,3,200,True,,,0.11022137499821838,0.00038700000004610047,0.11064062499644933,7115,72.0,,37029,67422,0
requests,observations_medium,series/observations,1,2,4,200,True,,,0.09693179200257873,0.007687290999456309,0.1046548750018701,148826,1566.0,,616935,923584,0
requests,observations_medium,series/observations,1,2,5,200,True,,,0.11081266700057313,0.0004591670003719628,0.11130883400619496,7259,72.0,,37436,68257,0
requests,observations_medium,series/observations,1,2,6,200,True,,,0.11148741700162645,0.0001737080019665882,0.11170391699852189,2672,24.0,,18618,40301,0
requests,observations_medium,series/observations,1,2,7,200,True,,,0.08826487499754876,0.0003972080012317747,0.08869066699844552,7331,72.0,,37301,68116,0
requests,observations_medium,series/observations,1,2,8,200,True,,,0.08622866700170562,0.0003901249947375618,0.08664658300403971,7367,72.0,,37337,68230,0
requests,observations_medium,series/observations,1,2,9,200,True,,,0.12479187500139233,0.0005177909988560714,0.12534337500255788,7331,72.0,,37301,68118,0
requests,observations_medium,series/observations,1,2,10,200,True,,,0.08970166600192897,0.0003975830040872097,0.09012962500128197,7258,72.0,,37228,67901,0
requests,observations_medium,series/observations,1,3,1,200,True,,,0.1550111249962356,0.0002727080063777976,0.15530754099745536,7047,72.0,,45939,76192,0
requests,observations_medium,series/observations,1,3,2,200,True,,,0.10761925000406336,0.0002690839974093251,0.10791141699883156,7331,72.0,,37508,68477,0
requests,observations_medium,series/observations,1,3,3,200,True,,,0.09047637500043493,0.00023583400616189465,0.09073154199722921,7115,72.0,,37029,67422,0
requests,observations_medium,series/observations,1,3,4,200,True,,,0.10086787500040373,0.005230499999015592,0.10613704199931817,148826,1566.0,,616935,923584,0
requests,observations_medium,series/observations,1,3,5,200,True,,,0.10991404200467514,0.0002567919946159236,0.11019237500295276,7259,72.0,,37436,68257,0
requests,observations_medium,series/observations,1,3,6,200,True,,,0.1260866660013562,9.395900269737467e-05,0.12620170800073538,2672,24.0,,18618,40301,0
requests,observations_medium,series/observations,1,3,7,200,True,,,0.08825249999790685,0.00035566700535127893,0.08863454200036358,7331,72.0,,38093,68908,0
requests,observations_medium,series/observations,1,3,8,200,True,,,0.08627120799792465,0.00038449999556178227,0.08668724999733968,7367,72.0,,37337,68230,0
requests,observations_medium,series/observations,1,3,9,200,True,,,0.12290837500040652,0.0003667499986477196,0.12330583299626596,7331,72.0,,37421,68238,0
requests,observations_medium,series/observations,1,3,10,200,True,,,0.08248816699779127,0.00037020900344941765,0.08288612499745796,7258,72.0,,37228,67901,0
requests,observations_medium,series/observations,2,1,1,200,True,,,0.16110499999922467,0.00050224999722559,0.1616445420004311,7047,72.0,,45923,76176,0
requests,observations_medium,series/observations,2,1,2,200,True,,,0.10869579099380644,0.00043216600170126185,0.10916116600128589,7331,72.0,,37508,68477,0
requests,observations_medium,series/observations,2,1,3,200,True,,,0.15764904200477758,0.0005881249962840229,0.15827649999846471,7115,72.0,,37029,67422,0
requests,observations_medium,series/observations,2,1,4,200,True,,,0.14399774999765214,0.009202499997627456,0.15323504200205207,148826,1566.0,,616935,923584,0
requests,observations_medium,series/observations,2,1,5,200,True,,,0.11334170800546417,0.000435709000157658,0.1138094589987304,7259,72.0,,37436,68257,0
requests,observations_medium,series/observations,2,1,6,200,True,,,0.10341000000335043,0.0001929159989231266,0.10364366599969799,2672,24.0,,18618,40301,0
requests,observations_medium,series/observations,2,1,7,200,True,,,0.08823120799934259,0.0003897499991580844,0.0886511659991811,7331,72.0,,37301,68116,0
requests,observations_medium,series/observations,2,1,8,200,True,,,0.1411407500054338,0.0005595000038738362,0.1417362080028397,7367,72.0,,37337,68230,0
requests,observations_medium,series/observations,2,1,9,200,True,,,0.13615366599697154,0.0004991250025341287,0.13668562500242842,7331,72.0,,37301,68118,0
requests,observations_medium,series/observations,2,1,10,200,True,,,0.08817420899868011,0.00038533400220330805,0.08858845900249435,7258,72.0,,37228,67901,0
requests,observations_medium,series/observations,2,2,1,200,True,,,0.17428462499810848,0.0006624160014325753,0.17499124999449123,7047,72.0,,45870,76123,0
requests,observations_medium,series/observations,2,2,2,200,True,,,0.10658675000013318,0.000429833002272062,0.10704587499640184,7331,72.0,,37508,68477,0
requests,observations_medium,series/observations,2,2,3,200,True,,,0.1218730839973432,0.00044520799565361813,0.12235316599981161,7115,72.0,,37029,67422,0
requests,observations_medium,series/observations,2,2,4,200,True,,,0.12569037500361446,0.008836332999635488,0.13455879100365564,148826,1566.0,,616935,923584,0
requests,observations_medium,series/observations,2,2,5,200,True,,,0.12582062499859603,0.0004974159965058789,0.12635800000134623,7259,72.0,,37436,68257,0
requests,observations_medium,series/observations,2,2,6,200,True,,,0.12875075000192737,0.00013512499572243541,0.12891170800139662,2672,24.0,,18618,40301,0
requests,observations_medium,series/observations,2,2,7,200,True,,,0.11067550000007031,0.0004841249974560924,0.11118933300167555,7331,72.0,,37301,68116,0
requests,observations_medium,series/observations,2,2,8,200,True,,,0.09744345900253393,0.0004459999981918372,0.09791987499920651,7367,72.0,,37337,68230,0
requests,observations_medium,series/observations,2,2,9,200,True,,,0.09936662499967497,0.0004349160008132458,0.09983320799801731,7331,72.0,,37301,68118,0
requests,observations_medium,series/observations,2,2,10,200,True,,,0.09086424999986775,0.0004301669978303835,0.09132545800093794,7258,72.0,,37228,67901,0
requests,observations_medium,series/observations,2,3,1,200,True,,,0.16368870800215518,0.0005121659996802919,0.16423487500287592,7047,72.0,,46067,76320,0
requests,observations_medium,series/observations,2,3,2,200,True,,,0.11769245900359238,0.00044954199984204024,0.1181728750016191,7331,72.0,,37508,68477,0
requests,observations_medium,series/observations,2,3,3,200,True,,,0.10692037500120932,0.00043316699884599075,0.10738258300261805,7115,72.0,,37029,67422,0
requests,observations_medium,series/observations,2,3,4,200,True,,,0.14375108400417957,0.009837666002567858,0.1536345420026919,148826,1566.0,,616935,923584,0
requests,observations_medium,series/observations,2,3,5,200,True,,,0.12203958300233353,0.0003764590001082979,0.1224427499982994,7259,72.0,,37436,68257,0
requests,observations_medium,series/observations,2,3,6,200,True,,,0.09700095899461303,0.00015025000175228342,0.09718079199956264,2672,24.0,,18618,40301,0
requests,observations_medium,series/observations,2,3,7,200,True,,,0.08966650000365917,0.00024420800036750734,0.08993133299372857,7331,72.0,,37301,68116,0
requests,observations_medium,series/observations,2,3,8,200,True,,,0.09415749999607215,0.0004395420037326403,0.09462770800018916,7367,72.0,,37337,68230,0
requests,observations_medium,series/observations,2,3,9,200,True,,,0.09199366599932546,0.00043929200182901695,0.09246641599747818,7331,72.0,,37301,68118,0
requests,observations_medium,series/observations,2,3,10,200,True,,,0.10164162500586826,0.0003982090056524612,0.10206854099669727,7258,72.0,,37228,67901,0
requests,observations_medium,series/observations,3,1,1,200,True,,,0.14550633299950277,0.000553457997739315,0.14609620799456025,7047,72.0,,45899,76152,0
requests,observations_medium,series/observations,3,1,2,200,True,,,0.09758604100352386,0.00044758299918612465,0.09806512499926612,7331,72.0,,37508,68477,0
requests,observations_medium,series/observations,3,1,3,200,True,,,0.14081775000522612,0.000516875006724149,0.14136999999755062,7115,72.0,,37029,67422,0
requests,observations_medium,series/observations,3,1,4,200,True,,,0.10381970800517593,0.008271458995295689,0.11212170799990417,148826,1566.0,,616935,923584,0
requests,observations_medium,series/observations,3,1,5,200,True,,,0.10542958300356986,0.00046554200525861233,0.1059260420006467,7259,72.0,,37436,68257,0
requests,observations_medium,series/observations,3,1,6,200,True,,,0.1291772080003284,0.00018766599532682449,0.1294014170052833,2672,24.0,,18618,40301,0
requests,observations_medium,series/observations,3,1,7,200,True,,,0.12429983300535241,0.0005353329979698174,0.12487004099966725,7331,72.0,,37301,68116,0
requests,observations_medium,series/observations,3,1,8,200,True,,,0.10666966599819716,0.00045370800216915086,0.10715341699687997,7367,72.0,,37337,68230,0
requests,observations_medium,series/observations,3,1,9,200,True,,,0.10948062500392552,0.00044554200576385483,0.1099564169999212,7331,72.0,,38253,69070,0
requests,observations_medium,series/observations,3,1,10,200,True,,,0.15030241700151237,0.0005938750036875717,0.15094720799970673,7258,72.0,,37228,67901,0
requests,observations_medium,series/observations,3,2,1,200,True,,,0.18845283400150947,0.0007379579983535223,0.18923887500568526,7047,72.0,,46011,76264,0
requests,observations_medium,series/observations,3,2,2,200,True,,,0.12208033399656415,0.00043254200136289,0.12254375000338769,7331,72.0,,37508,68477,0
requests,observations_medium,series/observations,3,2,3,200,True,,,0.09926675000315299,0.00043254200136289,0.09973016699950676,7115,72.0,,37029,67422,0
requests,observations_medium,series/observations,3,2,4,200,True,,,0.1125647079970804,0.008285874995635822,0.12088187500194181,148826,1566.0,,616935,923584,0
requests,observations_medium,series/observations,3,2,5,200,True,,,0.0906833330009249,0.0003868749990942888,0.09110091700131306,7259,72.0,,37436,68257,0
requests,observations_medium,series/observations,3,2,6,200,True,,,0.16802570800064132,0.00023183300072560087,0.1683030830026837,2672,24.0,,18618,40301,0
requests,observations_medium,series/observations,3,2,7,200,True,,,0.1217898749964661,0.0005104170049889944,0.12233620799815981,7331,72.0,,37301,68116,0
requests,observations_medium,series/observations,3,2,8,200,True,,,0.10643670900026336,0.00044429200352169573,0.10691200000292156,7367,72.0,,37337,68230,0
requests,observations_medium,series/observations,3,2,9,200,True,,,0.15119716600020183,0.0006049579969840124,0.15183804200205486,7331,72.0,,37301,68118,0
requests,observations_medium,series/observations,3,2,10,200,True,,,0.09851904200331774,0.00043687500146916136,0.09898837500077207,7258,72.0,,37228,67901,0
requests,observations_medium,series/observations,3,3,1,200,True,,,0.14002229200559668,0.000500458998430986,0.14055595800164156,7047,72.0,,45883,76136,0
requests,observations_medium,series/observations,3,3,2,200,True,,,0.1591672499998822,0.00045633400441147387,0.1596645419995184,7331,72.0,,37508,68477,0
requests,observations_medium,series/observations,3,3,3,200,True,,,0.19162604099983582,0.0007354580011451617,0.19241004100331338,7115,72.0,,37029,67422,0
requests,observations_medium,series/observations,3,3,4,200,True,,,0.14566237499821,0.009427249999134801,0.1551251670025522,148826,1566.0,,616935,923584,0
requests,observations_medium,series/observations,3,3,5,200,True,,,0.21496612500050105,0.0008541670031263493,0.21590045799530344,7259,72.0,,37436,68257,0
requests,observations_medium,series/observations,3,3,6,200,True,,,0.10824420800054213,0.00016950000281212851,0.10844554199866252,2672,24.0,,18618,40301,0
requests,observations_medium,series/observations,3,3,7,200,True,,,0.12759266700595617,0.0005234580021351576,0.12815212499845074,7331,72.0,,37301,68116,0
requests,observations_medium,series/observations,3,3,8,200,True,,,0.10699700000259327,0.0004299590000300668,0.10745733299700078,7367,72.0,,37337,68230,0
requests,observations_medium,series/observations,3,3,9,200,True,,,0.11446320799586829,0.0004566249990602955,0.11495300000387942,7331,72.0,,37301,68118,0
requests,observations_medium,series/observations,3,3,10,200,True,,,0.09649637500115205,0.0004084999964106828,0.0969373749976512,7258,72.0,,37228,67901,0
requests,observations_large,series/observations,1,1,1,200,True,,,0.16846083300333703,0.0030287080007838085,0.1715172080002958,86299,915.0,,375122,556471,0
requests,observations_large,series/observations,1,1,2,200,True,,,0.10334850000072038,0.002867666997190099,0.10624108400224941,88455,915.0,,368778,554441,0
requests,observations_large,series/observations,1,1,3,200,True,,,0.09703845799958799,0.0026606660030665807,0.09972041600121884,82226,862.0,,347380,520585,0
requests,observations_large,series/observations,1,1,4,200,True,,,0.13931766700261505,0.05303308300062781,0.19237887499912176,1593946,16783.0,,6527145,9723787,7815168
requests,observations_large,series/observations,1,1,5,200,True,,,0.09553624999534804,0.0029003749950788915,0.09846895900409436,88590,915.0,,369156,555231,0
requests,observations_large,series/observations,1,1,6,200,True,,,0.09724379199906252,0.0010348330033593811,0.09830366599635454,30572,305.0,,130714,200608,0
requests,observations_large,series/observations,1,1,7,200,True,,,0.11525179100135574,0.002508416997443419,0.11778612499620067,78564,807.0,,327022,492898,0
requests,observations_large,series/observations,1,1,8,200,True,,,0.13922237500082701,0.0028540420025819913,0.14209891700011212,89964,915.0,,370323,559002,0
requests,observations_large,series/observations,1,1,9,200,True,,,0.09122283299802803,0.0024745419941609725,0.09372450000228127,78513,807.0,,326974,492749,0
requests,observations_large,series/observations,1,1,10,200,True,,,0.09116024999821093,0.003755249999812804,0.09494525000627618,77163,807.0,,325627,488703,0
requests,observations_large,series/observations,1,2,1,200,True,,,0.14515070800553076,0.004518375004408881,0.14970104100211756,86299,915.0,,374214,555757,0
requests,observations_large,series/observations,1,2,2,200,True,,,0.09805433400470065,0.004321208005421795,0.10242800000560237,88455,915.0,,367520,553379,0
requests,observations_large,series/observations,1,2,3,200,True,,,0.09879766700032633,0.004504875003476627,0.10333145800541388,82226,862.0,,346122,519523,0
requests,observations_large,series/observations,1,2,4,200,True,,,0.11746987500373507,0.0648237909990712,0.1823304579957039,1593946,16783.0,,6525896,9722731,4145152
requests,observations_large,series/observations,1,2,5,200,True,,,0.09625941600097576,0.004637083002307918,0.10093441700155381,88590,915.0,,367904,554173,0
requests,observations_large,series/observations,1,2,6,200,True,,,0.09333045800303807,0.0015694579997216351,0.09493041600217111,30572,305.0,,129465,199552,0
requests,observations_large,series/observations,1,2,7,200,True,,,0.09688595799525501,0.003708125004777685,0.10061991600377951,78564,807.0,,325779,491846,0
requests,observations_large,series/observations,1,2,8,200,True,,,0.10780008399888175,0.005056040994531941,0.11288845899980515,89964,915.0,,369071,557944,0
requests,observations_large,series/observations,1,2,9,200,True,,,0.1258132500006468,0.004806958997505717,0.13066575000266312,78513,807.0,,325728,491695,0
requests,observations_large,series/observations,1,2,10,200,True,,,0.09019054100645008,0.002981250006996561,0.09320012499665609,77163,807.0,,324378,487647,0
requests,observations_large,series/observations,1,3,1,200,True,,,0.13298666699847672,0.003203374995791819,0.13622500000201399,86299,915.0,,374214,555757,0
requests,observations_large,series/observations,1,3,2,200,True,,,0.14780366700142622,0.002909916998760309,0.15074104200175498,88455,915.0,,367520,553379,0
requests,observations_large,series/observations,1,3,3,200,True,,,0.3638336250005523,0.002833708997059148,0.3666957090026699,82226,862.0,,346122,519523,0
requests,observations_large,series/observations,1,3,4,200,True,,,0.37748629200359574,0.0642030410017469,0.44171962499967776,1593946,16783.0,,6525896,9722731,3588096
requests,observations_large,series/observations,1,3,5,200,True,,,0.45029612500366056,0.00711408300412586,0.45746041699749185,88590,915.0,,367904,554173,0
requests,observations_large,series/observations,1,3,6,200,True,,,0.28383100000064587,0.0025444999992032535,0.28644899999926565,30572,305.0,,129465,199552,0
requests,observations_large,series/observations,1,3,7,200,True,,,0.09254887499992037,0.004139374999795109,0.09672025000327267,78564,807.0,,325779,491846,0
requests,observations_large,series/observations,1,3,8,200,True,,,0.14912466700479854,0.009632332999899518,0.15879183300421573,89964,915.0,,369071,557944,0
requests,observations_large,series/observations,1,3,9,200,True,,,0.09479475000262028,0.0038112499969429336,0.09863354200206231,78513,807.0,,325728,491695,0
requests,observations_large,series/observations,1,3,10,200,True,,,0.09431766699708533,0.004164166995906271,0.09851900000649039,77163,807.0,,324378,487647,0
requests,observations_large,series/observations,2,1,1,200,True,,,0.14740204200643348,0.005397250002715737,0.15283445899694925,86299,915.0,,374214,555757,0
requests,observations_large,series/observations,2,1,2,200,True,,,0.11159341700113146,0.005619125004159287,0.11724758399941493,88455,915.0,,367520,553379,0
requests,observations_large,series/observations,2,1,3,200,True,,,0.0972493340013898,0.004453082998225,0.10173762500198791,82226,862.0,,346122,519523,0
requests,observations_large,series/observations,2,1,4,200,True,,,0.1334899170033168,0.06792616700113285,0.2014442500003497,1593946,16783.0,,6525896,9722731,3588096
requests,observations_large,series/observations,2,1,5,200,True,,,0.0937312079986441,0.004479041999729816,0.09824504199787043,88590,915.0,,367904,554173,0
requests,observations_large,series/observations,2,1,6,200,True,,,0.11798479199933354,0.0018818750031641684,0.11990037500072503,30572,305.0,,129465,199552,0
requests,observations_large,series/observations,2,1,7,200,True,,,0.11659879099897807,0.004791542000020854,0.12142191699967952,78564,807.0,,325779,491846,0
requests,observations_large,series/observations,2,1,8,200,True,,,0.09453195900277933,0.0045888329987064935,0.09915287500189152,89964,915.0,,369071,557944,0
requests,observations_large,series/observations,2,1,9,200,True,,,0.11055312499956926,0.004151250002905726,0.11473566699714866,78513,807.0,,325728,491695,0
requests,observations_large,series/observations,2,1,10,200,True,,,0.14007416700042086,0.005131833997438662,0.1452415000021574,77163,807.0,,324378,487647,0
requests,observations_large,series/observations,2,2,1,200,True,,,0.1445301659987308,0.00525233300140826,0.14982712500204798,86299,915.0,,374374,555917,0
requests,observations_large,series/observations,2,2,2,200,True,,,0.110164874997281,0.0052653329985332675,0.11546487500163494,88455,915.0,,367520,553379,0
requests,observations_large,series/observations,2,2,3,200,True,,,0.11346379199676448,0.004530416998022702,0.11802970799908508,82226,862.0,,346122,519523,0
requests,observations_large,series/observations,2,2,4,200,True,,,0.1593641250001383,0.06279250000079628,0.2221955409986549,1593946,16783.0,,6525896,9722731,3588096
requests,observations_large,series/observations,2,2,5,200,True,,,0.10383495899441186,0.0045778329949826,0.10844420899957186,88590,915.0,,367904,554173,0
requests,observations_large,series/observations,2,2,6,200,True,,,0.09564958299597492,0.0014880829985486344,0.09716754200053401,30572,305.0,,129465,199552,0
requests,observations_large,series/observations,2,2,7,200,True,,,0.11022475000208942,0.004267124997568317,0.1145236250013113,78564,807.0,,325779,491846,0
requests,observations_large,series/observations,2,2,8,200,True,,,0.09429124999587657,0.004924042004859075,0.09925008299615001,89964,915.0,,369071,557944,0
requests,observations_large,series/observations,2,2,9,200,True,,,0.1262815000009141,0.004562207999697421,0.13087800000357674,78513,807.0,,325728,491695,0
requests,observations_large,series/observations,2,2,10,200,True,,,0.10570224999537459,0.004387082997709513,0.11012008399848128,77163,807.0,,324378,487647,0
requests,observations_large,series/observations,2,3,1,200,True,,,0.1572761659990647,0.006057958002202213,0.16337550000025658,86299,915.0,,374214,555757,0
requests,observations_large,series/observations,2,3,2,200,True,,,0.14002274999802466,0.005756582999310922,0.1458171249978477,88455,915.0,,367520,553379,0
requests,observations_large,series/observations,2,3,3,200,True,,,0.09731275000376627,0.004688916000304744,0.1020332089974545,82226,862.0,,346122,519523,0
requests,observations_large,series/observations,2,3,4,200,True,,,0.12059770800260594,0.06749904200114543,0.18812445799994748,1593946,16783.0,,6525896,9722731,3604480
requests,observations_large,series/observations,2,3,5,200,True,,,0.09251712499826681,0.004385083004308399,0.0969355419947533,88590,915.0,,367904,554173,0
requests,observations_large,series/observations,2,3,6,200,True,,,0.12241008400451392,0.0017966660016099922,0.12423795899667311,30572,305.0,,129465,199552,0
requests,observations_large,series/observations,2,3,7,200,True,,,0.1068861250023474,0.003958290995797142,0.1108766659963294,78564,807.0,,325779,491846,0
requests,observations_large,series/observations,2,3,8,200,True,,,0.11429887499980396,0.0048349999997299165,0.11916795800061664,89964,915.0,,370023,558896,0
requests,observations_large,series/observations,2,3,9,200,True,,,0.11910250000073574,0.004589957999996841,0.12372741600120207,78513,807.0,,325728,491695,0
requests,observations_large,series/observations,2,3,10,200,True,,,0.09843283300142502,0.0043647089987643994,0.10282820899737999,77163,807.0,,324498,487767,0
requests,observations_large,series/observations,3,1,1,200,True,,,0.15630304099613568,0.0056143330002669245,0.16195437499845866,86299,915.0,,374214,555757,0
requests,observations_large,series/observations,3,1,2,200,True,,,0.09924700000556186,0.004741791999549605,0.10401925000041956,88455,915.0,,367520,553379,0
requests,observations_large,series/observations,3,1,3,200,True,,,0.13838366699928883,0.005638041999191046,0.1440592920043855,82226,862.0,,346122,519523,0
requests,observations_large,series/observations,3,1,4,200,True,,,0.16499604199634632,0.07285187500383472,0.2378772919983021,1593946,16783.0,,6525896,9722731,3620864
requests,observations_large,series/observations,3,1,5,200,True,,,0.11933962499460904,0.004940541002724785,0.12431541700061643,88590,915.0,,367904,554173,0
requests,observations_large,series/observations,3,1,6,200,True,,,0.09581450000405312,0.0017683330006548204,0.0976142079962301,30572,305.0,,129465,199552,0
requests,observations_large,series/observations,3,1,7,200,True,,,0.09027958399383351,0.004165999998804182,0.09449129099812126,78564,807.0,,325779,491846,0
requests,observations_large,series/observations,3,1,8,200,True,,,0.11965837500611087,0.005330166000931058,0.1250192919978872,89964,915.0,,369071,557944,0
requests,observations_large,series/observations,3,1,9,200,True,,,0.10545899999851827,0.004458041999896523,0.10995195800205693,78513,807.0,,325728,491695,0
requests,observations_large,series/observations,3,1,10,200,True,,,0.11587220799992792,0.004656375000195112,0.12056133299483918,77163,807.0,,324378,487647,0
requests,observations_large,series/observations,3,2,1,200,True,,,0.1363904169993475,0.005379791997256689,0.1418051660002675,86299,915.0,,374214,555757,0
requests,observations_large,series/observations,3,2,2,200,True,,,0.12134570899797836,0.005381374998250976,0.1267734169960022,88455,915.0,,367520,553379,0
requests,observations_large,series/observations,3,2,3,200,True,,,0.09383495899965055,0.0046795829985057935,0.09854545900452649,82226,862.0,,346122,519523,0
requests,observations_large,series/observations,3,2,4,200,True,,,0.12434866699913982,0.0666169579999405,0.19099487500352552,1593946,16783.0,,6525896,9722731,3620864
requests,observations_large,series/observations,3,2,5,200,True,,,0.15162579199386528,0.005874875001609325,0.15754066600493388,88590,915.0,,367904,554173,0
requests,observations_large,series/observations,3,2,6,200,True,,,0.11523891599790659,0.0018497919954825193,0.11712341700331308,30572,305.0,,129465,199552,0
requests,observations_large,series/observations,3,2,7,200,True,,,0.12744366700644605,0.005393624996941071,0.13286845800030278,78564,807.0,,325779,491846,0
requests,observations_large,series/observations,3,2,8,200,True,,,0.11529999999766005,0.0055207910045282915,0.12086041699512862,89964,915.0,,369071,557944,0
requests,observations_large,series/observations,3,2,9,200,True,,,0.10823416700441157,0.0045398340007523075,0.1128080830021645,78513,807.0,,325728,491695,0
requests,observations_large,series/observations,3,2,10,200,True,,,0.10324366600252688,0.004267417003575247,0.10754183400422335,77163,807.0,,324378,487647,0
requests,observations_large,series/observations,3,3,1,200,True,,,0.16471150000143098,0.006266416996368207,0.17101412500051083,86299,915.0,,374374,555917,0
requests,observations_large,series/observations,3,3,2,200,True,,,0.13030708299629623,0.005156375002115965,0.1354958749943762,88455,915.0,,367520,553379,0
requests,observations_large,series/observations,3,3,3,200,True,,,0.17304262499965262,0.00475712500337977,0.17783179199614096,82226,862.0,,346122,519523,0
requests,observations_large,series/observations,3,3,4,200,True,,,0.14174287499918137,0.06929233299888438,0.21106495900312439,1593946,16783.0,,6525896,9722731,3620864
requests,observations_large,series/observations,3,3,5,200,True,,,0.12268741599837085,0.004995165996660944,0.12772116599808214,88590,915.0,,367904,554173,0
requests,observations_large,series/observations,3,3,6,200,True,,,0.10895991700090235,0.0017494999992777593,0.11074154100060696,30572,305.0,,129465,199552,0
requests,observations_large,series/observations,3,3,7,200,True,,,0.1064360000018496,0.004653249998227693,0.1111220829989179,78564,807.0,,325779,491846,0
requests,observations_large,series/observations,3,3,8,200,True,,,0.10630079200200271,0.005083249998278916,0.1114141660000314,89964,915.0,,369071,557944,0
requests,observations_large,series/observations,3,3,9,200,True,,,0.11132783399807522,0.004710166998847853,0.11607604200253263,78513,807.0,,325728,491695,0
requests,observations_large,series/observations,3,3,10,200,True,,,0.09519074999843724,0.004047833994263783,0.0992673750006361,77163,807.0,,324378,487647,0
requests,search,series/search,1,1,1,200,True,,,0.1419621669992921,0.0004142500038142316,0.14239975000236882,30326,,25.0,70584,140086,0
requests,search,series/search,1,1,2,200,True,,,0.08270362499752082,0.00032920800003921613,0.08305137500428827,21432,,25.0,49212,100929,0
requests,search,series/search,1,1,3,200,True,,,0.09587124999961816,0.0004449170010047965,0.09633749999920838,51824,,25.0,86587,199089,0
requests,search,series/search,1,1,4,200,True,,,0.09795091600244632,0.00040750000334810466,0.09837841699481942,26077,,25.0,53380,114389,0
requests,search,series/search,1,1,5,200,True,,,0.1060840409991215,0.0003766249938053079,0.10649116599961417,15797,,25.0,45304,92634,0
requests,search,series/search,1,1,6,200,True,,,0.09564679200411774,0.00036662499769590795,0.09603620899724774,17414,,25.0,46265,94471,0
requests,search,series/search,1,1,7,200,True,,,0.10094558400305687,0.000428542000008747,0.10139791700203205,30326,,25.0,60718,130393,0
requests,search,series/search,1,1,8,200,True,,,0.09389941599511076,0.0003340839975862764,0.094254000003275,21432,,25.0,48014,99907,0
requests,search,series/search,1,1,9,200,True,,,0.08076195800094865,0.0004175830035819672,0.08119920800527325,51824,,25.0,85386,198065,0
requests,search,series/search,1,1,10,200,True,,,0.1324307079994469,0.0005622499957098626,0.13301879099890357,26077,,25.0,52968,114155,0
requests,search,series/search,1,2,1,200,True,,,0.11072150000109104,0.0006091670002206229,0.11135787500097649,30326,,25.0,70003,139678,0
requests,search,series/search,1,2,2,200,True,,,0.11224124999716878,0.0005321669959812425,0.11280166700453265,21432,,25.0,48014,99907,0
requests,search,series/search,1,2,3,200,True,,,0.09037691700359574,0.0006767919985577464,0.09108445799938636,51824,,25.0,85386,198065,0
requests,search,series/search,1,2,4,200,True,,,0.10633612500532763,0.0007154999984777533,0.10708270800387254,26077,,25.0,52176,113363,0
requests,search,series/search,1,2,5,200,True,,,0.08168041599856224,0.000545750001037959,0.08225379100622376,15797,,25.0,44076,91592,0
requests,search,series/search,1,2,6,200,True,,,0.08334370800002944,0.0005538750046980567,0.08392379100405378,17414,,25.0,45040,93431,0
requests,search,series/search,1,2,7,200,True,,,0.11588804100028938,0.000808541000878904,0.11673016599524999,30326,,25.0,60718,130393,0
requests,search,series/search,1,2,8,200,True,,,0.10316808299830882,0.0006032500023138709,0.10379945900058374,21432,,25.0,48014,99907,0
requests,search,series/search,1,2,9,200,True,,,0.08171779100666754,0.0006641250001848675,0.08241016700048931,51824,,25.0,85386,198065,0
requests,search,series/search,1,2,10,200,True,,,0.09182104199862806,0.0006304999988060445,0.09247970800061012,26077,,25.0,52176,113363,0
requests,search,series/search,1,3,1,200,True,,,0.18379020800057333,0.0004155829956289381,0.18423087500559632,30326,,25.0,70048,139723,0
requests,search,series/search,1,3,2,200,True,,,0.12058312499721069,0.00041762500040931627,0.12102704100107076,21432,,25.0,48014,99907,0
requests,search,series/search,1,3,3,200,True,,,0.11747758300043643,0.0004570419987430796,0.11795870800415287,51824,,25.0,85386,198065,0
requests,search,series/search,1,3,4,200,True,,,0.0951644579981803,0.000410917004046496,0.09559874999831663,26077,,25.0,52176,113363,0
requests,search,series/search,1,3,5,200,True,,,0.07977758400375023,0.0003247920030844398,0.08012241699907463,15797,,25.0,44076,91592,0
requests,search,series/search,1,3,6,200,True,,,0.09710329199879197,0.0004180839969194494,0.09754774999601068,17414,,25.0,45040,93431,0
requests,search,series/search,1,3,7,200,True,,,0.16130533399700653,0.0007308330023079179,0.16207054200640414,30326,,25.0,60718,130393,0
requests,search,series/search,1,3,8,200,True,,,0.08129724999889731,0.0005670829996233806,0.08189233300072374,21432,,25.0,48014,99907,0
requests,search,series/search,1,3,9,200,True,,,0.10338675000093644,0.000763666997954715,0.1041877499956172,51824,,25.0,85386,198065,0
requests,search,series/search,1,3,10,200,True,,,0.09419049999996787,0.000639749996480532,0.09486225000000559,26077,,25.0,52176,113363,0
requests,search,series/search,2,1,1,200,True,,,0.1631162499979837,0.0008072920027188957,0.16395762500178535,30326,,25.0,70208,139883,0
requests,search,series/search,2,1,2,200,True,,,0.07892441700096242,0.0005889589956495911,0.07954541700019035,21432,,25.0,48014,99907,0
requests,search,series/search,2,1,3,200,True,,,0.10389533400302753,0.0007536249977420084,0.10467824999795994,51824,,25.0,85386,198065,0
requests,search,series/search,2,1,4,200,True,,,0.0940527499988093,0.0007365839992417023,0.09482033400126966,26077,,25.0,52176,113363,0
requests,search,series/search,2,1,5,200,True,,,0.09068600000318838,0.0005631250023725443,0.09127679100492969,15797,,25.0,44076,91592,0
requests,search,series/search,2,1,6,200,True,,,0.0761988329977612,0.0005270000037853606,0.07675687500159256,17414,,25.0,45040,93431,0
requests,search,series/search,2,1,7,200,True,,,0.10105537500203354,0.0006609580013900995,0.10174845800065668,30326,,25.0,60718,130393,0
requests,search,series/search,2,1,8,200,True,,,0.07630670800426742,0.0005528330002562143,0.07688687500194646,21432,,25.0,48014,99907,0
requests,search,series/search,2,1,9,200,True,,,0.08999258399853716,0.0006848749981145374,0.09070341699407436,51824,,25.0,85386,198065,0
requests,search,series/search,2,1,10,200,True,,,0.10802749999857042,0.0007035410017124377,0.10876379199908115,26077,,25.0,52176,113363,0
requests,search,series/search,2,2,1,200,True,,,0.14572374999988824,0.0007899170013843104,0.14655012499861186,30326,,25.0,70048,139723,0
requests,search,series/search,2,2,2,200,True,,,0.08160737499565585,0.0005602500023087487,0.08219437499792548,21432,,25.0,48014,99907,0
requests,search,series/search,2,2,3,200,True,,,0.10767316700366791,0.0007827920053387061,0.10849341699940851,51824,,25.0,85386,198065,0
requests,search,series/search,2,2,4,200,True,,,0.09648500000184868,0.0004336669953772798,0.09694087500247406,26077,,25.0,52176,113363,0
requests,search,series/search,2,2,5,200,True,,,0.0930450000014389,0.0005405420015449636,0.09361200000421377,15797,,25.0,44076,91592,0
requests,search,series/search,2,2,6,200,True,,,0.12226987500616815,0.0006344590001390316,0.12293650000356138,17414,,25.0,45040,93431,0
requests,search,series/search,2,2,7,200,True,,,0.089463791999151,0.0006551670012413524,0.09014637499785749,30326,,25.0,60718,130393,0
requests,search,series/search,2,2,8,200,True,,,0.10043791600037366,0.0006072079995647073,0.1010807919956278,21432,,25.0,48014,99907,0
requests,search,series/search,2,2,9,200,True,,,0.09723970800405368,0.0006717910000588745,0.09793829099362483,51824,,25.0,85386,198065,0
requests,search,series/search,2,2,10,200,True,,,0.07738820800295798,0.0005351669969968498,0.07795512499433244,26077,,25.0,52176,113363,0
requests,search,series/search,2,3,1,200,True,,,0.14752587499970105,0.0009012919981614687,0.14848316699499264,30326,,25.0,70048,139723,0
requests,search,series/search,2,3,2,200,True,,,0.07664629200007766,0.0005416659987531602,0.07721566699910909,21432,,25.0,48014,99907,0
requests,search,series/search,2,3,3,200,True,,,0.078990916001203,0.000680124998325482,0.07970062499953201,51824,,25.0,85386,198065,0
requests,search,series/search,2,3,4,200,True,,,0.09835799999564188,0.0007059589988784865,0.09909324999898672,26077,,25.0,52176,113363,0
requests,search,series/search,2,3,5,200,True,,,0.09706029199878685,0.0006421669968403876,0.09773316599603277,15797,,25.0,44076,91592,0
requests,search,series/search,2,3,6,200,True,,,0.09626787500019418,0.0006200420029927045,0.09692533300403738,17414,,25.0,45040,93431,0
requests,search,series/search,2,3,7,200,True,,,0.095293208003568,0.0007031249988358468,0.09603304100164678,30326,,25.0,61670,131345,0
requests,search,series/search,2,3,8,200,True,,,0.0965052920000744,0.000546125003893394,0.09708112500084098,21432,,25.0,48014,99907,0
requests,search,series/search,2,3,9,200,True,,,0.0935819590013125,0.0006345410001813434,0.09424108399980469,51824,,25.0,85386,198065,0
requests,search,series/search,2,3,10,200,True,,,0.09772024999983842,0.0006454590038629249,0.09839545799331972,26077,,25.0,52176,113363,0
requests,search,series/search,3,1,1,200,True,,,0.1532142920041224,0.0007202920023701154,0.15397450000455137,30326,,25.0,70048,139723,0
requests,search,series/search,3,1,2,200,True,,,0.07851229100197088,0.0005512910065590404,0.07910029200138524,21432,,25.0,48014,99907,0
requests,search,series/search,3,1,3,200,True,,,0.0903092500011553,0.0006790000043110922,0.09101574999658624,51824,,25.0,85386,198065,0
requests,search,series/search,3,1,4,200,True,,,0.0844163750007283,0.0006092499970691279,0.08505375000095228,26077,,25.0,52176,113363,0
requests,search,series/search,3,1,5,200,True,,,0.13194579200353473,0.00072458299837308,0.1327046660007909,15797,,25.0,44076,91592,0
requests,search,series/search,3,1,6,200,True,,,0.09701420800411142,0.0006264580006245524,0.09767300000385148,17414,,25.0,45040,93431,0
requests,search,series/search,3,1,7,200,True,,,0.14333312500093598,0.0008224589983001351,0.14418904099875363,30326,,25.0,60718,130393,0
requests,search,series/search,3,1,8,200,True,,,0.07296187500469387,0.0005778749982709996,0.0735694169998169,21432,,25.0,48014,99907,0
requests,search,series/search,3,1,9,200,True,,,0.0881283339986112,0.0007238749967655167,0.0888813339988701,51824,,25.0,85386,198065,0
requests,search,series/search,3,1,10,200,True,,,0.10119000000122469,0.0006145839943201281,0.10183174999838229,26077,,25.0,52176,113363,0
requests,search,series/search,3,2,1,200,True,,,0.1327034999994794,0.0006964169951970689,0.13343108299886808,30326,,25.0,70208,139883,0
requests,search,series/search,3,2,2,200,True,,,0.09804691700264812,0.0005880000026081689,0.09866020800109254,21432,,25.0,48014,99907,0
requests,search,series/search,3,2,3,200,True,,,0.08504145900224103,0.0006630420029978268,0.08572937500139233,51824,,25.0,85386,198065,0
requests,search,series/search,3,2,4,200,True,,,0.09266991700133076,0.0006649580027442425,0.09336095800244948,26077,,25.0,52176,113363,0
requests,search,series/search,3,2,5,200,True,,,0.08815258400136372,0.0005441670000436716,0.08872241700009909,15797,,25.0,44076,91592,0
requests,search,series/search,3,2,6,200,True,,,0.08795133400417399,0.0005488330061780289,0.08852558300714009,17414,,25.0,45040,93431,0
requests,search,series/search,3,2,7,200,True,,,0.07718066700181225,0.0006169580010464415,0.07783699999708915,30326,,25.0,60718,130393,0
requests,search,series/search,3,2,8,200,True,,,0.07553433300199686,0.0005880419994355179,0.0761554589989828,21432,,25.0,48014,99907,0
requests,search,series/search,3,2,9,200,True,,,0.08801683299680008,0.000732083004550077,0.08877912499883678,51824,,25.0,85386,198065,0
requests,search,series/search,3,2,10,200,True,,,0.0787110839955858,0.0005679579990101047,0.07930320799641777,26077,,25.0,52176,113363,0
requests,search,series/search,3,3,1,200,True,,,0.1131863330010674,0.000702916004229337,0.11392037499899743,30326,,25.0,70048,139723,0
requests,search,series/search,3,3,2,200,True,,,0.07692579099966679,0.0005960000053164549,0.07754979200399248,21432,,25.0,48014,99907,0
requests,search,series/search,3,3,3,200,True,,,0.08057266700052423,0.00044958299986319616,0.08104449999518692,51824,,25.0,85386,198065,0
requests,search,series/search,3,3,4,200,True,,,0.10674533300334588,0.0007007919994066469,0.10747700000501936,26077,,25.0,52176,113363,0
requests,search,series/search,3,3,5,200,True,,,0.08085974999994505,0.0005389169964473695,0.08142612499796087,15797,,25.0,44076,91592,0
requests,search,series/search,3,3,6,200,True,,,0.09599500000331318,0.0005660000024363399,0.09658691700315103,17414,,25.0,45040,93431,0
requests,search,series/search,3,3,7,200,True,,,0.09752824999304721,0.0006391669958247803,0.0981944589948398,30326,,25.0,60718,130393,0
requests,search,series/search,3,3,8,200,True,,,0.08849137499782955,0.0005322920042090118,0.08905191699886927,21432,,25.0,48014,99907,0
requests,search,series/search,3,3,9,200,True,,,0.08932675000687595,0.0006686249980702996,0.09002245900046546,51824,,25.0,85386,198065,0
requests,search,series/search,3,3,10,200,True,,,0.09430429199710488,0.0006279579974943772,0.0949608749942854,26077,,25.0,52176,113363,0
requests,tags,series/tags,1,1,1,200,True,,,0.16765483299968764,8.35839964565821e-05,0.1677585830038879,1977,,14.0,26165,49156,0
requests,tags,series/tags,1,1,2,200,True,,,0.12225662499986356,9.937499999068677e-05,0.12237666700093541,2165,,16.0,18400,40669,0
requests,tags,series/tags,1,1,3,200,True,,,0.11564358299801825,8.283299393951893e-05,0.11574749999999767,1802,,13.0,17050,40216,0
requests,tags,series/tags,1,1,4,200,True,,,0.11009658299735747,7.787499635014683e-05,0.11019495800428558,1569,,11.0,16420,40323,0
requests,tags,series/tags,1,1,5,200,True,,,0.13240187500196043,9.008300548885018e-05,0.13251529200351797,1483,,10.0,16011,40187,0
requests,tags,series/tags,1,1,6,200,True,,,0.1320987500002957,8.749999688006938e-05,0.13220675000047777,1977,,14.0,16562,39646,0
requests,tags,series/tags,1,1,7,200,True,,,0.18446687499817926,9.991600381908938e-05,0.18458766600087984,2165,,16.0,17253,39681,0
requests,tags,series/tags,1,1,8,200,True,,,0.16051983299985295,0.00018599999748403206,0.16073958299966762,1802,,13.0,15912,39234,0
requests,tags,series/tags,1,1,9,200,True,,,0.1048072499979753,0.00012233299639774486,0.10496354100177996,1569,,11.0,15273,39335,0
requests,tags,series/tags,1,1,10,200,True,,,0.09606166600133292,0.00011370799620635808,0.09620408299815608,1483,,10.0,14873,39205,0
requests,tags,series/tags,1,2,1,200,True,,,0.17424637499789242,0.00023887499992270023,0.17453012500482146,1977,,14.0,25724,48808,0
requests,tags,series/tags,1,2,2,200,True,,,0.1058195839941618,0.00019433299894444644,0.1060419589994126,2165,,16.0,17253,39681,0
requests,tags,series/tags,1,2,3,200,True,,,0.12362387499888428,0.00017699999443721026,0.12383641599444672,1802,,13.0,16704,40026,0
requests,tags,series/tags,1,2,4,200,True,,,0.0882178749961895,0.00012266700650798157,0.08836804100428708,1569,,11.0,15273,39335,0
requests,tags,series/tags,1,2,5,200,True,,,0.10242287500295788,0.00011883299885084853,0.10257045799517073,1483,,10.0,14873,39205,0
requests,tags,series/tags,1,2,6,200,True,,,0.1813659160034149,0.00027466699975775555,0.18168566600070335,1977,,14.0,16562,39646,0
requests,tags,series/tags,1,2,7,200,True,,,0.16982604200165952,0.00010762500460259616,0.1699547909956891,2165,,16.0,17253,39681,0
requests,tags,series/tags,1,2,8,200,True,,,0.11802258299576351,8.70000003487803e-05,0.11812991699844133,1802,,13.0,15912,39234,0
requests,tags,series/tags,1,2,9,200,True,,,0.0948319579983945,8.141700527630746e-05,0.09493716699944343,1569,,11.0,15273,39335,0
requests,tags,series/tags,1,2,10,200,True,,,0.10004279199347366,6.600000051548705e-05,0.10012837500107707,1483,,10.0,14873,39205,0
requests,tags,series/tags,1,3,1,200,True,,,0.13783924999734154,8.358299965038896e-05,0.1379422909958521,1977,,14.0,25884,48968,0
requests,tags,series/tags,1,3,2,200,True,,,0.09805700000288198,9.558299643686041e-05,0.09817333299724851,2165,,16.0,17253,39681,0
requests,tags,series/tags,1,3,3,200,True,,,0.08859954200306674,0.00012674999743467197,0.08875016600359231,1802,,13.0,15912,39234,0
requests,tags,series/tags,1,3,4,200,True,,,0.10239633300079731,0.00011508300667628646,0.10253916700457921,1569,,11.0,15273,39335,0
requests,tags,series/tags,1,3,5,200,True,,,0.10569379200023832,0.00012120800238335505,0.10584558299888158,1483,,10.0,14873,39205,0
requests,tags,series/tags,1,3,6,200,True,,,0.10647316600079648,0.00015904199972283095,0.10666387500532437,1977,,14.0,16562,39646,0
requests,tags,series/tags,1,3,7,200,True,,,0.10818920899328077,0.00016595799388596788,0.10838679099833826,2165,,16.0,17253,39681,0
requests,tags,series/tags,1,3,8,200,True,,,0.11474174999602837,0.000148667000757996,0.11491883299459005,1802,,13.0,15912,39234,0
requests,tags,series/tags,1,3,9,200,True,,,0.12206837499979883,0.00015133300621528178,0.12225199999375036,1569,,11.0,15273,39335,0
requests,tags,series/tags,1,3,10,200,True,,,0.09924529099953361,0.0001447079994250089,0.09942912500264356,1483,,10.0,14873,39205,0
requests,tags,series/tags,2,1,1,200,True,,,0.1595234589985921,0.0001919999995152466,0.1597487499966519,1977,,14.0,25724,48808,0
requests,tags,series/tags,2,1,2,200,True,,,0.10382479099644115,0.00017745799414115027,0.10403770899574738,2165,,16.0,17253,39681,0
requests,tags,series/tags,2,1,3,200,True,,,0.10370133299875306,0.00015574999997625127,0.10388495799998054,1802,,13.0,15912,39234,0
requests,tags,series/tags,2,1,4,200,True,,,0.09227733300213004,0.00011362499935785308,0.09241679099795874,1569,,11.0,15273,39335,0
requests,tags,series/tags,2,1,5,200,True,,,0.08845916699647205,0.00010624999413266778,0.08859262500482146,1483,,10.0,14873,39205,0
requests,tags,series/tags,2,1,6,200,True,,,0.08416149999538902,0.0001402080015395768,0.08432966699911049,1977,,14.0,16562,39646,0
requests,tags,series/tags,2,1,7,200,True,,,0.08803629199974239,0.00017500000103609636,0.08823866600141628,2165,,16.0,17253,39681,0
requests,tags,series/tags,2,1,8,200,True,,,0.0882675829998334,0.00014420800289371982,0.08844070799386827,1802,,13.0,15912,39234,0
requests,tags,series/tags,2,1,9,200,True,,,0.10003962500195485,0.00014187499618856236,0.1002113329959684,1569,,11.0,15273,39335,0
requests,tags,series/tags,2,1,10,200,True,,,0.09070933399925707,0.00011841699597425759,0.09085637500538724,1483,,10.0,14873,39205,0
requests,tags,series/tags,2,2,1,200,True,,,0.15247850000014296,0.0001838750031311065,0.1526949999970384,1977,,14.0,25724,48808,0
requests,tags,series/tags,2,2,2,200,True,,,0.10678408300009323,0.00017829200078267604,0.10699245899741072,2165,,16.0,17253,39681,0
requests,tags,series/tags,2,2,3,200,True,,,0.0970806250043097,0.00014729100075783208,0.09725379200244788,1802,,13.0,15912,39234,0
requests,tags,series/tags,2,2,4,200,True,,,0.09754379199875984,0.00011383299715816975,0.09770062499592314,1569,,11.0,15273,39335,0
requests,tags,series/tags,2,2,5,200,True,,,0.12417370800540084,0.0001252919973921962,0.12432787499710685,1483,,10.0,14873,39205,0
requests,tags,series/tags,2,2,6,200,True,,,0.0984915830049431,0.0001359169982606545,0.09865337500377791,1977,,14.0,16562,39646,0
requests,tags,series/tags,2,2,7,200,True,,,0.11761695799941663,0.00017741700139595196,0.11782374999893364,2165,,16.0,17253,39681,0
requests,tags,series/tags,2,2,8,200,True,,,0.1042381250008475,0.00016308400518028066,0.10443704099452589,1802,,13.0,15912,39234,0
requests,tags,series/tags,2,2,9,200,True,,,0.09113895899645286,0.00012387500464683399,0.09128916700137779,1569,,11.0,15273,39335,0
requests,tags,series/tags,2,2,10,200,True,,,0.16313029199955054,0.0001653340004850179,0.16333354100061115,1483,,10.0,14873,39205,0
requests,tags,series/tags,2,3,1,200,True,,,0.12944304200209444,0.0001553330002934672,0.12962920800055144,1977,,14.0,25724,48808,0
requests,tags,series/tags,2,3,2,200,True,,,0.12494904099730775,0.00017808400298235938,0.12515812500350876,2165,,16.0,17253,39681,0
requests,tags,series/tags,2,3,3,200,True,,,0.09938433299976168,0.000149207997310441,0.09956354199675843,1802,,13.0,15912,39234,0
requests,tags,series/tags,2,3,4,200,True,,,0.12447154200344812,0.00016233299538725987,0.12466520800080616,1569,,11.0,15273,39335,0
requests,tags,series/tags,2,3,5,200,True,,,0.11598620799486525,0.00012095800047973171,0.1161377079988597,1483,,10.0,14873,39205,0
requests,tags,series/tags,2,3,6,200,True,,,0.1015683750010794,0.00013554099859902635,0.10173104199930094,1977,,14.0,16562,39646,0
requests,tags,series/tags,2,3,7,200,True,,,0.09230616699642269,0.00016529200365766883,0.09250670800247462,2165,,16.0,17253,39681,0
requests,tags,series/tags,2,3,8,200,True,,,0.11673400000290712,0.000150040999869816,0.11691362500278046,1802,,13.0,16776,40098,0
requests,tags,series/tags,2,3,9,200,True,,,0.10154558299836935,0.00015654199523851275,0.10174120800365927,1569,,11.0,15273,39335,0
requests,tags,series/tags,2,3,10,200,True,,,0.08880966700235149,0.00011841599916806445,0.08895645799930207,1483,,10.0,14993,39325,0
requests,tags,series/tags,3,1,1,200,True,,,0.16051120799966156,0.00019483399955788627,0.16075208300026134,1977,,14.0,25884,48968,0
requests,tags,series/tags,3,1,2,200,True,,,0.11821079200308304,0.00017783299699658528,0.11842375000560423,2165,,16.0,17253,39681,0
requests,tags,series/tags,3,1,3,200,True,,,0.09162745899811853,0.00014745800581295043,0.09180466700490797,1802,,13.0,15912,39234,0
requests,tags,series/tags,3,1,4,200,True,,,0.10671195799659472,0.00012283300020499155,0.10686145799991209,1569,,11.0,15273,39335,0
requests,tags,series/tags,3,1,5,200,True,,,0.11423883400129853,0.00010679200204322115,0.1143771659990307,1483,,10.0,14873,39205,0
requests,tags,series/tags,3,1,6,200,True,,,0.12415254100051243,0.00017783400107873604,0.12436524999793619,1977,,14.0,16562,39646,0
requests,tags,series/tags,3,1,7,200,True,,,0.09280645800026832,0.00015474999963771552,0.0929889170001843,2165,,16.0,17253,39681,0
requests,tags,series/tags,3,1,8,200,True,,,0.08570037499885075,0.00013262499851407483,0.08585933300491888,1802,,13.0,15912,39234,0
requests,tags,series/tags,3,1,9,200,True,,,0.09116804099903675,0.00011337499745422974,0.09130962500057649,1569,,11.0,15273,39335,0
requests,tags,series/tags,3,1,10,200,True,,,0.11710566699912306,0.00012099999730708078,0.1172559580008965,1483,,10.0,14873,39205,0
requests,tags,series/tags,3,2,1,200,True,,,0.18381512500491226,0.00020904200209770352,0.1840620000002673,1977,,14.0,25724,48808,0
requests,tags,series/tags,3,2,2,200,True,,,0.10224141700018663,0.00019791699742199853,0.10247016700304812,2165,,16.0,17253,39681,0
requests,tags,series/tags,3,2,3,200,True,,,0.10012733300391119,0.0001536249983473681,0.10031116699974518,1802,,13.0,15912,39234,0
requests,tags,series/tags,3,2,4,200,True,,,0.09701662499719532,0.00011404199904063717,0.0971621659991797,1569,,11.0,15273,39335,0
requests,tags,series/tags,3,2,5,200,True,,,0.10692929199285572,0.00011987499601673335,0.10707949999778066,1483,,10.0,14873,39205,0
requests,tags,series/tags,3,2,6,200,True,,,0.09850224999536294,0.0001548750005895272,0.09868958300648956,1977,,14.0,16562,39646,0
requests,tags,series/tags,3,2,7,200,True,,,0.11487508400023216,0.00019041700579691678,0.11509537499659928,2165,,16.0,17253,39681,0
requests,tags,series/tags,3,2,8,200,True,,,0.11910066699783783,0.00017162499716505408,0.11930666699481662,1802,,13.0,15912,39234,0
requests,tags,series/tags,3,2,9,200,True,,,0.0893853749948903,0.00011549999908311293,0.08952774999488611,1569,,11.0,15273,39335,0
requests,tags,series/tags,3,2,10,200,True,,,0.10604745899763657,0.00013258299441076815,0.10622091699769953,1483,,10.0,14873,39205,0
requests,tags,series/tags,3,3,1,200,True,,,0.1581511659969692,0.00019133299792883918,0.15837679200194543,1977,,14.0,25724,48808,0
requests,tags,series/tags,3,3,2,200,True,,,0.10975749999488471,0.00018262499361298978,0.10996875000273576,2165,,16.0,17253,39681,0
requests,tags,series/tags,3,3,3,200,True,,,0.10387408299720846,0.00014712499978486449,0.10404937499697553,1802,,13.0,15912,39234,0
requests,tags,series/tags,3,3,4,200,True,,,0.09150391599541763,0.00011225000343983993,0.09164379099820508,1569,,11.0,15273,39335,0
requests,tags,series/tags,3,3,5,200,True,,,0.11293983399809804,0.00012170900299679488,0.11309229199832771,1483,,10.0,14873,39205,0
requests,tags,series/tags,3,3,6,200,True,,,0.09462554199853912,0.0001597500013303943,0.09481524999864632,1977,,14.0,16562,39646,0
requests,tags,series/tags,3,3,7,200,True,,,0.09083854199707275,0.00020641700393753126,0.09107520899851806,2165,,16.0,17253,39681,0
requests,tags,series/tags,3,3,8,200,True,,,0.08578354099881835,0.00015800000255694613,0.08597220799856586,1802,,13.0,15912,39234,0
requests,tags,series/tags,3,3,9,200,True,,,0.0907290000031935,0.00012883300223620608,0.0908875840032124,1569,,11.0,15273,39335,0
requests,tags,series/tags,3,3,10,200,True,,,0.08975962499971502,0.00013737499830313027,0.08992654200119432,1483,,10.0,14873,39205,0
requests,mixed,series/observations,1,1,1,200,True,,,0.3394047080000746,0.0029648750060005113,0.34239129200432217,86299,915.0,,373215,554758,0
requests,mixed,series,1,1,2,200,True,,,0.22206112500134623,4.162500408710912e-05,0.22213320900482358,1036,,1.0,12001,39013,0
requests,mixed,series/observations,1,1,3,200,True,,,0.11587104199861642,0.0002331669966224581,0.11612654099735664,7047,72.0,,36961,67214,0
requests,mixed,series/observations,1,1,4,200,True,,,0.10841108299791813,0.0029924589980510063,0.11142958299751626,86299,915.0,,365364,546907,0
requests,mixed,series/search,1,1,5,200,True,,,1.6795438339977409,0.0011343330043018796,1.6807258329936303,30326,,25.0,61510,131185,0
requests,mixed,series/tags,1,1,6,200,True,,,0.09549329199944623,0.00014324999938253313,0.09566533299948787,1977,,14.0,16618,39702,0
requests,mixed,series,1,1,7,200,True,,,0.2963482909981394,9.63749989750795e-05,0.2965017919996171,1036,,1.0,12001,39013,0
requests,mixed,series/tags,1,1,8,200,True,,,0.097419790996355,0.00016187499568331987,0.09761945799982641,1977,,14.0,16338,39422,0
requests,mixed,series/observations,1,1,9,200,True,,,0.11137170899746707,0.00044550000166054815,0.1118555840002955,7047,72.0,,37017,67270,0
requests,mixed,series/search,1,1,10,200,True,,,0.09696954199898755,0.000691332999849692,0.0976890000019921,30326,,25.0,60718,130393,0
requests,mixed,series/observations,1,2,1,200,True,,,0.1779007500008447,0.002850707998732105,0.18077595800423296,86299,915.0,,374374,555917,0
requests,mixed,series,1,2,2,200,True,,,0.09304866599995876,2.7666996174957603e-05,0.09310183399793459,1036,,1.0,12001,39013,0
requests,mixed,series/observations,1,2,3,200,True,,,0.12423424999724375,0.00023608299670740962,0.12449049999850104,7047,72.0,,36961,67214,0
requests,mixed,series/observations,1,2,4,200,True,,,0.10006541699840454,0.002725291000388097,0.1028106250014389,86299,915.0,,365364,546907,0
requests,mixed,series/search,1,2,5,200,True,,,0.1349880830020993,0.0005553750015678816,0.13557025000045542,30326,,25.0,60718,130393,0
requests,mixed,series/tags,1,2,6,200,True,,,0.13590012500208104,0.00018199999612988904,0.13612020899745403,1977,,14.0,16618,39702,0
requests,mixed,series,1,2,7,200,True,,,0.09670745799667202,4.3624997488223016e-05,0.09678466599871172,1036,,1.0,12001,39013,0
requests,mixed,series/tags,1,2,8,200,True,,,0.11773987500055227,0.00017412500164937228,0.11794341600034386,1977,,14.0,16338,39422,0
requests,mixed,series/observations,1,2,9,200,True,,,0.11894924999796785,0.0005438329972093925,0.11952750000637025,7047,72.0,,37017,67270,0
requests,mixed,series/search,1,2,10,200,True,,,0.6891170000017155,0.0010983750034938566,0.6902949579962296,30326,,25.0,60718,130393,0
requests,mixed,series/observations,1,3,1,200,True,,,0.14462537500367034,0.004329916002461687,0.14898766599799274,86299,915.0,,374214,555757,0
requests,mixed,series,1,3,2,200,True,,,0.1145370419981191,5.304099613567814e-05,0.11462925000523683,1036,,1.0,12001,39013,0
requests,mixed,series/observations,1,3,3,200,True,,,0.14549558400176466,0.000517458000103943,0.1460570409981301,7047,72.0,,36961,67214,0
requests,mixed,series/observations,1,3,4,200,True,,,0.10275195799476933,0.005037166003603488,0.10781791600311408,86299,915.0,,365364,546907,0
requests,mixed,series/search,1,3,5,200,True,,,0.08733020900399424,0.000606875000812579,0.0879679159988882,30326,,25.0,60718,130393,0
requests,mixed,series/tags,1,3,6,200,True,,,0.16031333400314907,0.0002241670008515939,0.16058883300138405,1977,,14.0,16618,39702,0
requests,mixed,series,1,3,7,200,True,,,0.11689862499770243,3.895799454767257e-05,0.11697104199993191,1036,,1.0,12001,39013,0
requests,mixed,series/tags,1,3,8,200,True,,,0.10753241700149374,0.0001616669978830032,0.10772637499758275,1977,,14.0,16338,39422,0
requests,mixed,series/observations,1,3,9,200,True,,,0.11216212499857647,0.0005335829991963692,0.1127303329994902,7047,72.0,,37017,67270,0
requests,mixed,series/search,1,3,10,200,True,,,0.08328308400086826,0.000622958003077656,0.08393533300113631,30326,,25.0,60718,130393,0
requests,mixed,series/observations,2,1,1,200,True,,,0.17732370799785713,0.006914457997481804,0.18427716600126587,86299,915.0,,374214,555757,0
requests,mixed,series,2,1,2,200,True,,,0.10096129200246651,5.345799581846222e-05,0.10104499999579275,1036,,1.0,12001,39013,0
requests,mixed,series/observations,2,1,3,200,True,,,0.11211145899869734,0.0004402919948915951,0.11258187500061467,7047,72.0,,36961,67214,0
requests,mixed,series/observations,2,1,4,200,True,,,0.13411925000400515,0.005988125005387701,0.1401403339987155,86299,915.0,,365364,546907,0
requests,mixed,series/search,2,1,5,200,True,,,0.12396887499926379,0.0006858339984319173,0.12468658399302512,30326,,25.0,60718,130393,0
requests,mixed,series/tags,2,1,6,200,True,,,0.0936991249982384,0.00014279199967859313,0.09386616699339356,1977,,14.0,16618,39702,0
requests,mixed,series,2,1,7,200,True,,,0.11634829099784838,4.958299541613087e-05,0.11642762499832315,1036,,1.0,12001,39013,0
requests,mixed,series/tags,2,1,8,200,True,,,0.11313270900427597,0.0001583339981152676,0.11333158299385104,1977,,14.0,16338,39422,0
requests,mixed,series/observations,2,1,9,200,True,,,0.09357383300084621,0.00038825000228825957,0.0939882920065429,7047,72.0,,37017,67270,0
requests,mixed,series/search,2,1,10,200,True,,,0.09082654100348009,0.0006525830031023361,0.0915065839944873,30326,,25.0,60718,130393,0
requests,mixed,series/observations,2,2,1,200,True,,,0.1379487500016694,0.005501624997123145,0.1434837909982889,86299,915.0,,374214,555757,0
requests,mixed,series,2,2,2,200,True,,,0.08074237500113668,4.770899977302179e-05,0.08082279099471634,1036,,1.0,12001,39013,0
requests,mixed,series/observations,2,2,3,200,True,,,0.10394583400193369,0.00044912500015925616,0.10442566600249847,7047,72.0,,36961,67214,0
requests,mixed,series/observations,2,2,4,200,True,,,0.13360716700117337,0.0056965420008054934,0.13933820799866226,86299,915.0,,366316,547859,0
requests,mixed,series/search,2,2,5,200,True,,,0.1027831250030431,0.0006992920025368221,0.10351254099805374,30326,,25.0,60718,130393,0
requests,mixed,series/tags,2,2,6,200,True,,,0.11324949999834644,0.00015641699428670108,0.1134358749986859,1977,,14.0,16738,39822,0
requests,mixed,series,2,2,7,200,True,,,0.12679004200617783,6.320799730019644e-05,0.12688791699474677,1036,,1.0,12001,39013,0
requests,mixed,series/tags,2,2,8,200,True,,,0.1301268329989398,0.0001821249970817007,0.13034216599771753,1977,,14.0,16338,39422,0
requests,mixed,series/observations,2,2,9,200,True,,,0.13873762500588782,0.0005904580029891804,0.1393678340027691,7047,72.0,,37017,67270,0
requests,mixed,series/search,2,2,10,200,True,,,0.10294087499642046,0.0006815419983468018,0.10364987500361167,30326,,25.0,60718,130393,0
requests,mixed,series/observations,2,3,1,200,True,,,0.16612037499726284,0.0060139590059407055,0.1721688749967143,86299,915.0,,374374,555917,0
requests,mixed,series,2,3,2,200,True,,,0.10227587500412483,4.587500006891787e-05,0.10235241700138431,1036,,1.0,12001,39013,0
requests,mixed,series/observations,2,3,3,200,True,,,0.10024391699698754,0.0005328330007614568,0.1008072920012637,7047,72.0,,36961,67214,0
requests,mixed,series/observations,2,3,4,200,True,,,0.11124162499618251,0.005310916996677406,0.1165844589995686,86299,915.0,,365364,546907,0
requests,mixed,series/search,2,3,5,200,True,,,0.08204733300226508,0.0006925830020918511,0.08276754200051073,30326,,25.0,60718,130393,0
requests,mixed,series/tags,2,3,6,200,True,,,0.08554862500022864,0.00013479199697030708,0.08571170800132677,1977,,14.0,16618,39702,0
requests,mixed,series,2,3,7,200,True,,,0.07530550000228686,4.441599594429135e-05,0.07537645800039172,1036,,1.0,12001,39013,0
requests,mixed,series/tags,2,3,8,200,True,,,0.1391965419970802,0.00018208300025435165,0.13941204100410687,1977,,14.0,16338,39422,0
requests,mixed,series/observations,2,3,9,200,True,,,0.09970216600049753,0.00043566700333030894,0.10016662500129314,7047,72.0,,37017,67270,0
requests,mixed,series/search,2,3,10,200,True,,,0.09786004100169521,0.0006142919955891557,0.09850087499944493,30326,,25.0,60718,130393,0
requests,mixed,series/observations,3,1,1,200,True,,,0.163639874997898,0.006196832997375168,0.16987274999701185,86299,915.0,,374214,555757,0
requests,mixed,series,3,1,2,200,True,,,0.10767937500349944,5.266600055620074e-05,0.10776429199904669,1036,,1.0,12001,39013,0
requests,mixed,series/observations,3,1,3,200,True,,,0.11704662499687402,0.00044587500451598316,0.11752279199572513,7047,72.0,,36961,67214,0
requests,mixed,series/observations,3,1,4,200,True,,,0.10790520799491787,0.004220916001941077,0.1121572499978356,86299,915.0,,365364,546907,0
requests,mixed,series/search,3,1,5,200,True,,,0.1357375830048113,0.0007836669974494725,0.1365553750001709,30326,,25.0,60718,130393,0
requests,mixed,series/tags,3,1,6,200,True,,,0.16164391599886585,0.0002165829937439412,0.1619015840042266,1977,,14.0,16618,39702,0
requests,mixed,series,3,1,7,200,True,,,0.11702045799756888,4.995899507775903e-05,0.11709933399833972,1036,,1.0,12001,39013,0
requests,mixed,series/tags,3,1,8,200,True,,,0.13050658400607063,0.0001854169968282804,0.13072475000080885,1977,,14.0,16338,39422,0
requests,mixed,series/observations,3,1,9,200,True,,,0.19349804199737264,0.0007273750015883707,0.1942702919986914,7047,72.0,,37017,67270,0
requests,mixed,series/search,3,1,10,200,True,,,0.11669937500118976,0.000832833000458777,0.1175791669957107,30326,,25.0,60718,130393,0
requests,mixed,series/observations,3,2,1,200,True,,,0.17257404099655105,0.006122666003648192,0.17873691699787742,86299,915.0,,374214,555757,0
requests,mixed,series,3,2,2,200,True,,,0.09018316700530704,4.1040999349206686e-05,0.09025283400114859,1036,,1.0,12001,39013,0
requests,mixed,series/observations,3,2,3,200,True,,,0.2671535000044969,0.0006936659992788918,0.26788470900646644,7047,72.0,,36961,67214,0
requests,mixed,series/observations,3,2,4,200,True,,,0.2293804170039948,0.008456374998786487,0.2379307079972932,86299,915.0,,365364,546907,0
requests,mixed,series/search,3,2,5,200,True,,,0.07437162499991246,0.0006080419989302754,0.0750073750023148,30326,,25.0,60718,130393,0
requests,mixed,series/tags,3,2,6,200,True,,,0.0864690829985193,0.0001344580014119856,0.08663816700573079,1977,,14.0,16618,39702,0
requests,mixed,series,3,2,7,200,True,,,0.14229270900250413,5.858400254510343e-05,0.14239870799792698,1036,,1.0,12001,39013,0
requests,mixed,series/tags,3,2,8,200,True,,,0.11294037500192644,0.0001236669995705597,0.1130873750007595,1977,,14.0,16338,39422,0
requests,mixed,series/observations,3,2,9,200,True,,,0.09237408299668459,0.0003872500019497238,0.09278712500235997,7047,72.0,,37017,67270,0
requests,mixed,series/search,3,2,10,200,True,,,0.08969912500469945,0.0006170000051497482,0.09035087499796646,30326,,25.0,60718,130393,0
requests,mixed,series/observations,3,3,1,200,True,,,0.2396910419993219,0.007044625002890825,0.2467752919983468,86299,915.0,,374214,555757,0
requests,mixed,series,3,3,2,200,True,,,0.0807901249936549,4.84589982079342e-05,0.08087274999707006,1036,,1.0,12001,39013,0
requests,mixed,series/observations,3,3,3,200,True,,,0.08323504199506715,0.0004107080021640286,0.08367554200231098,7047,72.0,,36961,67214,0
requests,mixed,series/observations,3,3,4,200,True,,,0.11146899999585003,0.005095874999824446,0.11660016599489609,86299,915.0,,365364,546907,0
requests,mixed,series/search,3,3,5,200,True,,,0.07378495799639495,0.0005839579971507192,0.07439483400230529,30326,,25.0,60718,130393,0
requests,mixed,series/tags,3,3,6,200,True,,,0.0889761250000447,0.00013541599764721468,0.0891405410002335,1977,,14.0,16618,39702,0
requests,mixed,series,3,3,7,200,True,,,0.09152091600117274,4.1250001231674105e-05,0.09158595799817704,1036,,1.0,12001,39013,0
requests,mixed,series/tags,3,3,8,200,True,,,0.09113666700432077,0.0001632919957046397,0.09133237499918323,1977,,14.0,16458,39542,0
requests,mixed,series/observations,3,3,9,200,True,,,0.08938404099899344,0.0004975000047124922,0.08991499999683583,7047,72.0,,37017,67270,0
requests,mixed,series/search,3,3,10,200,True,,,0.14551249999931315,0.0006527080040541478,0.14619341600337066,30326,,25.0,60718,130393,0
pycurl,metadata_small,series,1,1,1,200,True,,,0.14605541700439062,4.058299964526668e-05,0.14615837500605267,1036,,1.0,4962,7237,16384
pycurl,metadata_small,series,1,1,2,200,True,,,0.11538574999576667,4.891600110568106e-05,0.1154884170027799,3159,,1.0,8696,13072,0
pycurl,metadata_small,series,1,1,3,200,True,,,0.0885397920064861,4.795799759449437e-05,0.0886387909995392,4435,,1.0,11187,16839,0
pycurl,metadata_small,series,1,1,4,200,True,,,0.21722633299941663,7.187500159488991e-05,0.2173584159972961,1054,,1.0,4447,6715,0
pycurl,metadata_small,series,1,1,5,200,True,,,0.08241241700307,4.483300290303305e-05,0.0825135830018553,2179,,1.0,6759,10153,0
pycurl,metadata_small,series,1,1,6,200,True,,,0.08917975000076694,4.87080033053644e-05,0.08928916600416414,930,,1.0,4262,6406,0
pycurl,metadata_small,series,1,1,7,200,True,,,0.12530062500445638,4.6792003558948636e-05,0.1254016250022687,666,,1.0,3735,5613,0
pycurl,metadata_small,series,1,1,8,200,True,,,0.1599547910009278,4.508300480665639e-05,0.16005237499484792,744,,1.0,3887,5846,0
pycurl,metadata_small,series,1,1,9,200,True,,,0.16894800000591204,4.9458001740276814e-05,0.16904850000719307,911,,1.0,4207,6331,0
pycurl,metadata_small,series,1,1,10,200,True,,,0.08701833399391035,6.112499977461994e-05,0.08713854200323112,891,,1.0,4191,6296,0
pycurl,metadata_small,series,1,2,1,200,True,,,0.16106695799680892,9.604200022295117e-05,0.16123474999767495,1036,,1.0,4427,6678,0
pycurl,metadata_small,series,1,2,2,200,True,,,0.11038145800557686,7.333400571951643e-05,0.1105307090037968,3159,,1.0,8696,13072,0
pycurl,metadata_small,series,1,2,3,200,True,,,0.08013408300030278,7.44580029277131e-05,0.08026679199974751,4435,,1.0,11187,16839,0
pycurl,metadata_small,series,1,2,4,200,True,,,0.15552470900001936,9.195800521411002e-05,0.15569116699771257,1054,,1.0,4447,6715,0
pycurl,metadata_small,series,1,2,5,200,True,,,0.1302785000007134,8.383399836020544e-05,0.13043166699935682,2179,,1.0,6759,10153,0
pycurl,metadata_small,series,1,2,6,200,True,,,0.07603354199818568,5.708299431717023e-05,0.07615487500152085,930,,1.0,4262,6406,0
pycurl,metadata_small,series,1,2,7,200,True,,,0.1085700000039651,5.7375000324100256e-05,0.10868529199797194,666,,1.0,3735,5613,0
pycurl,metadata_small,series,1,2,8,200,True,,,0.10736158399959095,8.583300223108381e-05,0.10751533300208393,744,,1.0,3887,5846,0
pycurl,metadata_small,series,1,2,9,200,True,,,0.07791837499826215,5.075000080978498e-05,0.07802454200282227,911,,1.0,4207,6331,0
pycurl,metadata_small,series,1,2,10,200,True,,,0.09819499999866821,4.504199750954285e-05,0.09829958299815189,891,,1.0,4191,6296,0
pycurl,metadata_small,series,1,3,1,200,True,,,0.18144304100133013,4.441700002644211e-05,0.18153995799366385,1036,,1.0,4427,6678,0
pycurl,metadata_small,series,1,3,2,200,True,,,0.15585495800041826,4.5916000090073794e-05,0.15595287500036648,3159,,1.0,8696,13072,0
pycurl,metadata_small,series,1,3,3,200,True,,,0.07495166700391565,5.262500053504482e-05,0.0750566249989788,4435,,1.0,11187,16839,0
pycurl,metadata_small,series,1,3,4,200,True,,,0.09961595800268697,5.662500188918784e-05,0.09972625000227708,1054,,1.0,4447,6715,0
pycurl,metadata_small,series,1,3,5,200,True,,,0.1554332500018063,6.570799450855702e-05,0.15555354100069962,2179,,1.0,6759,10153,0
pycurl,metadata_small,series,1,3,6,200,True,,,0.08278399999835528,4.904100205749273e-05,0.08288995800103294,930,,1.0,4262,6406,0
pycurl,metadata_small,series,1,3,7,200,True,,,0.07938770900364034,4.212500061839819e-05,0.07948308399500092,666,,1.0,3735,5613,0
pycurl,metadata_small,series,1,3,8,200,True,,,0.07353741599945351,4.70000013592653e-05,0.07364533299551113,744,,1.0,3887,5846,0
pycurl,metadata_small,series,1,3,9,200,True,,,0.1055987500003539,5.604199395747855e-05,0.10570875000121305,911,,1.0,4207,6331,0
pycurl,metadata_small,series,1,3,10,200,True,,,0.07508437499927823,5.945800512563437e-05,0.07520095899963053,891,,1.0,4191,6296,0
pycurl,metadata_small,series,2,1,1,200,True,,,0.131151375004265,7.320899749174714e-05,0.13129654100339394,1036,,1.0,4427,6678,0
pycurl,metadata_small,series,2,1,2,200,True,,,0.11670429100195179,8.354199962923303e-05,0.11685712499456713,3159,,1.0,8696,13072,0
pycurl,metadata_small,series,2,1,3,200,True,,,0.11181129200122086,0.00013504199887393042,0.11200345800170908,4435,,1.0,11187,16839,0
pycurl,metadata_small,series,2,1,4,200,True,,,0.11820574999728706,4.729200009023771e-05,0.11830987500434276,1054,,1.0,4447,6715,0
pycurl,metadata_small,series,2,1,5,200,True,,,0.12478125000052387,4.5417000364977866e-05,0.12488366699835751,2179,,1.0,6759,10153,0
pycurl,metadata_small,series,2,1,6,200,True,,,0.12165208300575614,4.1667000914458185e-05,0.12174733299616491,930,,1.0,4262,6406,0
pycurl,metadata_small,series,2,1,7,200,True,,,0.15874170800088905,4.374999844003469e-05,0.15883729200140806,666,,1.0,3735,5613,0
pycurl,metadata_small,series,2,1,8,200,True,,,0.08655504199850839,4.691699723480269e-05,0.08665416700387141,744,,1.0,3887,5846,0
pycurl,metadata_small,series,2,1,9,200,True,,,0.16366983300395077,9.079200390260667e-05,0.16383220800344134,911,,1.0,4207,6331,0
pycurl,metadata_small,series,2,1,10,200,True,,,0.08945566700276686,6.312500045169145e-05,0.08958487499330658,891,,1.0,5223,7408,0
pycurl,metadata_small,series,2,2,1,200,True,,,0.12325037499977043,7.17919974704273e-05,0.12339016699843341,1036,,1.0,4427,6678,0
pycurl,metadata_small,series,2,2,2,200,True,,,0.08892058299534256,5.9958998463116586e-05,0.08903750000172295,3159,,1.0,8992,13368,0
pycurl,metadata_small,series,2,2,3,200,True,,,0.0834850000028382,7.854200521251187e-05,0.08363075000670506,4435,,1.0,11187,16839,0
pycurl,metadata_small,series,2,2,4,200,True,,,0.0790605840011267,5.454200436361134e-05,0.07917395800177474,1054,,1.0,4447,6715,0
pycurl,metadata_small,series,2,2,5,200,True,,,0.09761441699811257,6.758299423381686e-05,0.09775287499360275,2179,,1.0,6759,10153,0
pycurl,metadata_small,series,2,2,6,200,True,,,0.07959758299693931,6.187499820953235e-05,0.07972125000378583,930,,1.0,4262,6406,0
pycurl,metadata_small,series,2,2,7,200,True,,,0.08786995799891884,6.137500167824328e-05,0.08798962499713525,666,,1.0,3735,5613,0
pycurl,metadata_small,series,2,2,8,200,True,,,0.09077733400044963,7.30419997125864e-05,0.09091349999653175,744,,1.0,3887,5846,0
pycurl,metadata_small,series,2,2,9,200,True,,,0.07880608399864286,6.424999446608126e-05,0.07893329099897528,911,,1.0,4207,6331,0
pycurl,metadata_small,series,2,2,10,200,True,,,0.09145591699780198,5.974999658064917e-05,0.09157941600278718,891,,1.0,4191,6296,0
pycurl,metadata_small,series,2,3,1,200,True,,,0.1466857080013142,7.695800013607368e-05,0.14682604099652963,1036,,1.0,4427,6678,0
pycurl,metadata_small,series,2,3,2,200,True,,,0.08390745900396723,6.658300117123872e-05,0.0840370840014657,3159,,1.0,8696,13072,0
pycurl,metadata_small,series,2,3,3,200,True,,,0.12222208300227067,8.037500083446503e-05,0.12237079100304982,4435,,1.0,11187,16839,0
pycurl,metadata_small,series,2,3,4,200,True,,,0.0809417080017738,6.0417005443014205e-05,0.0810587080050027,1054,,1.0,4447,6715,0
pycurl,metadata_small,series,2,3,5,200,True,,,0.08388404200377408,7.095799810485914e-05,0.08401754099759273,2179,,1.0,6759,10153,0
pycurl,metadata_small,series,2,3,6,200,True,,,0.10787583400087897,5.545900057768449e-05,0.10799254200537689,930,,1.0,4262,6406,0
pycurl,metadata_small,series,2,3,7,200,True,,,0.08649912499822676,5.8917001297231764e-05,0.08662437499879161,666,,1.0,3735,5613,0
pycurl,metadata_small,series,2,3,8,200,True,,,0.08889024999371031,6.549999670824036e-05,0.08901733300444903,744,,1.0,3887,5846,0
pycurl,metadata_small,series,2,3,9,200,True,,,0.1466809999983525,8.325000089826062e-05,0.14683262500329874,911,,1.0,4207,6331,0
pycurl,metadata_small,series,2,3,10,200,True,,,0.11804191600094782,4.6624998503830284e-05,0.11814520799816819,891,,1.0,4191,6296,0
pycurl,metadata_small,series,3,1,1,200,True,,,0.16068408299906878,5.1832997996825725e-05,0.16079316700052004,1036,,1.0,4427,6678,0
pycurl,metadata_small,series,3,1,2,200,True,,,0.11720074999902863,5.295799928717315e-05,0.11730604100011988,3159,,1.0,8696,13072,0
pycurl,metadata_small,series,3,1,3,200,True,,,0.08536883299530018,4.837500455323607e-05,0.08546829200349748,4435,,1.0,11187,16839,0
pycurl,metadata_small,series,3,1,4,200,True,,,0.09022587499930523,4.99580055475235e-05,0.09032699999806937,1054,,1.0,4447,6715,0
pycurl,metadata_small,series,3,1,5,200,True,,,0.0808988330027205,4.97090004500933e-05,0.08100345799903153,2179,,1.0,6759,10153,0
pycurl,metadata_small,series,3,1,6,200,True,,,0.10190224999678321,5.750000127591193e-05,0.10201754199806601,930,,1.0,4262,6406,0
pycurl,metadata_small,series,3,1,7,200,True,,,0.09119549999741139,4.2791994928848e-05,0.0912944170049741,666,,1.0,3735,5613,0
pycurl,metadata_small,series,3,1,8,200,True,,,0.16551587499998277,8.345799869857728e-05,0.16566416699788533,744,,1.0,3887,5846,0
pycurl,metadata_small,series,3,1,9,200,True,,,0.13823450000199955,8.649999654153362e-05,0.13838474999647588,911,,1.0,4207,6331,0
pycurl,metadata_small,series,3,1,10,200,True,,,0.07065870799851837,6.445799954235554e-05,0.0707849160025944,891,,1.0,4191,6296,0
pycurl,metadata_small,series,3,2,1,200,True,,,0.1316661250020843,8.38330015540123e-05,0.13181770800292725,1036,,1.0,4427,6678,0
pycurl,metadata_small,series,3,2,2,200,True,,,0.08933050000632647,6.662499799858779e-05,0.08946254100010265,3159,,1.0,8696,13072,0
pycurl,metadata_small,series,3,2,3,200,True,,,0.08423824999772478,5.124999734107405e-05,0.0843444999991334,4435,,1.0,11187,16839,0
pycurl,metadata_small,series,3,2,4,200,True,,,0.09111875000235159,8.054200588958338e-05,0.09126962500158697,1054,,1.0,4447,6715,0
pycurl,metadata_small,series,3,2,5,200,True,,,0.1405348749976838,9.97909955913201e-05,0.14071354199404595,2179,,1.0,6759,10153,0
pycurl,metadata_small,series,3,2,6,200,True,,,0.0875762079958804,5.870899622095749e-05,0.0877027079986874,930,,1.0,4262,6406,0
pycurl,metadata_small,series,3,2,7,200,True,,,0.08513162500457838,5.604199395747855e-05,0.08524675000080606,666,,1.0,3735,5613,0
pycurl,metadata_small,series,3,2,8,200,True,,,0.0824211250001099,6.170900451252237e-05,0.08255370800179662,744,,1.0,3887,5846,0
pycurl,metadata_small,series,3,2,9,200,True,,,0.0964460830000462,6.695900083286688e-05,0.09657937500014668,911,,1.0,4207,6331,0
pycurl,metadata_small,series,3,2,10,200,True,,,0.07525158299540635,5.920900002820417e-05,0.07537404200411402,891,,1.0,4191,6296,0
pycurl,metadata_small,series,3,3,1,200,True,,,0.12090708300092956,7.650000043213367e-05,0.1210627500040573,1036,,1.0,4427,6678,0
pycurl,metadata_small,series,3,3,2,200,True,,,0.09143087499978719,7.787500362610444e-05,0.09157820900145452,3159,,1.0,8696,13072,0
pycurl,metadata_small,series,3,3,3,200,True,,,0.07839962499565445,7.13339977664873e-05,0.0785302089934703,4435,,1.0,11187,16839,0
pycurl,metadata_small,series,3,3,4,200,True,,,0.07705554200219922,7.037499744910747e-05,0.07718570799625013,1054,,1.0,4447,6715,0
pycurl,metadata_small,series,3,3,5,200,True,,,0.07896412500122096,6.304200360318646e-05,0.07912429099815199,2179,,1.0,6759,10153,0
pycurl,metadata_small,series,3,3,6,200,True,,,0.07499324999662349,6.649999704677612e-05,0.07513254199875519,930,,1.0,4262,6406,0
pycurl,metadata_small,series,3,3,7,200,True,,,0.08385879099660087,5.9416997828520834e-05,0.08398350000061328,666,,1.0,3735,5613,0
pycurl,metadata_small,series,3,3,8,200,True,,,0.08858929199777776,6.337500235531479e-05,0.08871054199698847,744,,1.0,3887,5846,0
pycurl,metadata_small,series,3,3,9,200,True,,,0.09359166699869093,7.083400123519823e-05,0.09372733299824176,911,,1.0,4207,6331,0
pycurl,metadata_small,series,3,3,10,200,True,,,0.09915958400233649,5.8625002566259354e-05,0.09927879099996062,891,,1.0,4191,6296,0
pycurl,observations_medium,series/observations,1,1,1,200,True,,,0.15936083300039172,0.0002481659976183437,0.15968858300038846,7047,72.0,,36598,44833,0
pycurl,observations_medium,series/observations,1,1,2,200,True,,,0.0975895829978981,0.0002785420001600869,0.09793229199567577,7331,72.0,,37773,46270,0
pycurl,observations_medium,series/observations,1,1,3,200,True,,,0.15538129100605147,0.0002708329993765801,0.1557178750008461,7115,72.0,,37341,45622,0
pycurl,observations_medium,series/observations,1,1,4,200,True,,,0.21519154099951265,0.004920625004160684,0.22018316699541174,148826,1566.0,,758901,908890,0
pycurl,observations_medium,series/observations,1,1,5,200,True,,,0.3098355830006767,0.00029550000181188807,0.31019620800361736,7259,72.0,,37629,46052,0
pycurl,observations_medium,series/observations,1,1,6,200,True,,,0.4474774170012097,0.00012549999519251287,0.4476647499977844,2672,24.0,,14263,18098,0
pycurl,observations_medium,series/observations,1,1,7,200,True,,,0.1026736250059912,0.0002956669995910488,0.10303741599636851,7331,72.0,,37773,46265,0
pycurl,observations_medium,series/observations,1,1,8,200,True,,,0.6144207500037737,0.0005211660027271137,0.6150200420015608,7367,72.0,,37845,46376,0
pycurl,observations_medium,series/observations,1,1,9,200,True,,,0.09077629200328374,0.0004940829967381433,0.09135687499656342,7331,72.0,,37773,46266,0
pycurl,observations_medium,series/observations,1,1,10,200,True,,,0.14573983300215332,0.0006294589984463528,0.1464615419972688,7258,72.0,,37627,46048,0
pycurl,observations_medium,series/observations,1,2,1,200,True,,,0.20226116699632257,0.0007956250046845526,0.20314487499854295,7047,72.0,,37205,45416,0
pycurl,observations_medium,series/observations,1,2,2,200,True,,,0.1999260000011418,0.0009472499950788915,0.20099433299765224,7331,72.0,,37773,46270,0
pycurl,observations_medium,series/observations,1,2,3,200,True,,,0.12282066699845018,0.0005834999974467792,0.12350558400066802,7115,72.0,,37341,45622,0
pycurl,observations_medium,series/observations,1,2,4,200,True,,,0.1842499579943251,0.007404208001389634,0.191720582995913,148826,1566.0,,758901,908890,0
pycurl,observations_medium,series/observations,1,2,5,200,True,,,0.08419383299769834,0.0002696250012377277,0.0845306659975904,7259,72.0,,37629,46052,0
pycurl,observations_medium,series/observations,1,2,6,200,True,,,1.1573507909997716,0.0001818329983507283,1.1576065420013038,2672,24.0,,14263,18098,0
pycurl,observations_medium,series/observations,1,2,7,200,True,,,1.5177850420004688,0.0006469579966505989,1.5185220830026083,7331,72.0,,37773,46265,0
pycurl,observations_medium,series/observations,1,2,8,200,True,,,0.11401279200072167,0.0004526670018094592,0.11454308300017146,7367,72.0,,37845,46376,0
pycurl,observations_medium,series/observations,1,2,9,200,True,,,0.13338054100313457,0.0005479169994941913,0.134000375001051,7331,72.0,,37773,46266,0
pycurl,observations_medium,series/observations,1,2,10,200,True,,,0.10017820799839683,0.00045537500409409404,0.10070762500254204,7258,72.0,,37627,46048,0
pycurl,observations_medium,series/observations,1,3,1,200,True,,,1.4548096660000738,0.001066333003109321,1.4560146660005557,7047,72.0,,38453,46744,0
pycurl,observations_medium,series/observations,1,3,2,200,True,,,0.12229833300079918,0.00046683300024596974,0.12284091699984856,7331,72.0,,37773,46270,0
pycurl,observations_medium,series/observations,1,3,3,200,True,,,0.10573070799728157,0.0005324159938027151,0.10635504200035939,7115,72.0,,37341,45622,0
pycurl,observations_medium,series/observations,1,3,4,200,True,,,0.1342603750017588,0.009715583000797778,0.14406433299882337,148826,1566.0,,758901,908890,0
pycurl,observations_medium,series/observations,1,3,5,200,True,,,0.08527858400339028,0.00040283399721374735,0.0857594999979483,7259,72.0,,37629,46052,0
pycurl,observations_medium,series/observations,1,3,6,200,True,,,0.10109229200315895,0.0001749580042087473,0.10134400000242749,2672,24.0,,14263,18098,0
pycurl,observations_medium,series/observations,1,3,7,200,True,,,0.10871541599772172,0.00046041699533816427,0.10924983400036581,7331,72.0,,37773,46265,0
pycurl,observations_medium,series/observations,1,3,8,200,True,,,0.09954175000166288,0.00042866700096055865,0.10004516699700616,7367,72.0,,37845,46376,0
pycurl,observations_medium,series/observations,1,3,9,200,True,,,0.10013466600503307,0.00046291699982248247,0.10066704199562082,7331,72.0,,37773,46266,0
pycurl,observations_medium,series/observations,1,3,10,200,True,,,0.12207537500216858,0.000526083997101523,0.12267720799718518,7258,72.0,,37627,46048,0
pycurl,observations_medium,series/observations,2,1,1,200,True,,,0.15118516700022155,0.0005274590002954938,0.1517952089998289,7047,72.0,,37205,45416,0
pycurl,observations_medium,series/observations,2,1,2,200,True,,,0.09419912500015926,0.00040695899951970205,0.09468104199913796,7331,72.0,,37773,46270,0
pycurl,observations_medium,series/observations,2,1,3,200,True,,,0.1297938339994289,0.0005190000010770746,0.13039283299440285,7115,72.0,,37341,45622,0
pycurl,observations_medium,series/observations,2,1,4,200,True,,,0.1258657080034027,0.008905750000849366,0.1348465839982964,148826,1566.0,,758901,908890,0
pycurl,observations_medium,series/observations,2,1,5,200,True,,,0.1279087500006426,0.0005357499976526015,0.12853183400147827,7259,72.0,,37629,46052,0
pycurl,observations_medium,series/observations,2,1,6,200,True,,,0.15692166699591326,0.00015562500630039722,0.15714558399486123,2672,24.0,,14263,18098,0
pycurl,observations_medium,series/observations,2,1,7,200,True,,,0.11832366599992383,0.0005464579953695647,0.11895074999483768,7331,72.0,,37773,46265,0
pycurl,observations_medium,series/observations,2,1,8,200,True,,,0.09871900000143796,0.0004527080018306151,0.09924666699953377,7367,72.0,,37845,46376,0
pycurl,observations_medium,series/observations,2,1,9,200,True,,,0.16781791699759196,0.0005376249973778613,0.16843862499808893,7331,72.0,,37773,46266,0
pycurl,observations_medium,series/observations,2,1,10,200,True,,,0.11247191699658288,0.0002630419985507615,0.1128022500051884,7258,72.0,,37627,46048,0
pycurl,observations_medium,series/observations,2,2,1,200,True,,,0.17149229099595686,0.0006121250044088811,0.17218975000287173,7047,72.0,,37205,45416,0
pycurl,observations_medium,series/observations,2,2,2,200,True,,,0.10021408399916254,0.0004615829966496676,0.10075591700297082,7331,72.0,,37773,46270,0
pycurl,observations_medium,series/observations,2,2,3,200,True,,,0.10311183299927507,0.0004362920008134097,0.1036169169965433,7115,72.0,,37341,45622,0
pycurl,observations_medium,series/observations,2,2,4,200,True,,,0.13214745900040725,0.009075917005247902,0.14130554199800827,148826,1566.0,,758901,908890,0
pycurl,observations_medium,series/observations,2,2,5,200,True,,,0.08891487499931827,0.0003735830032383092,0.08936274999723537,7259,72.0,,37629,46052,0
pycurl,observations_medium,series/observations,2,2,6,200,True,,,0.11644016599893803,0.0002234999992651865,0.11673395800607977,2672,24.0,,14263,18098,0
pycurl,observations_medium,series/observations,2,2,7,200,True,,,0.17227283299871488,0.0006256249980651774,0.17298120899795322,7331,72.0,,37773,46265,0
pycurl,observations_medium,series/observations,2,2,8,200,True,,,0.12044345799949951,0.0005579580029007047,0.12107174999982817,7367,72.0,,37845,46376,0
pycurl,observations_medium,series/observations,2,2,9,200,True,,,0.11058824999781791,0.00044712500675814226,0.111105709002004,7331,72.0,,37773,46266,0
pycurl,observations_medium,series/observations,2,2,10,200,True,,,0.12405925000348361,0.0004608329982147552,0.12459387499984587,7258,72.0,,37627,46048,0
pycurl,observations_medium,series/observations,2,3,1,200,True,,,0.13511641699733445,0.0005028749947086908,0.13569391700002598,7047,72.0,,37205,45416,0
pycurl,observations_medium,series/observations,2,3,2,200,True,,,0.1724102500011213,0.0007559160003438592,0.17325662500661565,7331,72.0,,37773,46270,0
pycurl,observations_medium,series/observations,2,3,3,200,True,,,0.2130896670059883,0.0005646249992423691,0.21372870800405508,7115,72.0,,37341,45622,0
pycurl,observations_medium,series/observations,2,3,4,200,True,,,0.20308841700170888,0.013278083999466617,0.21649579199583968,148826,1566.0,,758901,908890,0
pycurl,observations_medium,series/observations,2,3,5,200,True,,,0.12950999999884516,0.0005354169989004731,0.13012779100245098,7259,72.0,,37629,46052,0
pycurl,observations_medium,series/observations,2,3,6,200,True,,,0.15533445800247137,0.000285833993984852,0.15570054200361483,2672,24.0,,14263,18098,0
pycurl,observations_medium,series/observations,2,3,7,200,True,,,0.2251604170014616,0.0019798339999397285,0.22728149999602465,7331,72.0,,37773,46265,0
pycurl,observations_medium,series/observations,2,3,8,200,True,,,0.13156966699898476,0.0005229590024100617,0.13217316700320225,7367,72.0,,38757,47368,0
pycurl,observations_medium,series/observations,2,3,9,200,True,,,0.4972457920011948,0.000504999996337574,0.4978474589952384,7331,72.0,,38069,46562,0
pycurl,observations_medium,series/observations,2,3,10,200,True,,,0.16298579199792584,0.0006283749971771613,0.163700749995769,7258,72.0,,37627,46048,0
pycurl,observations_medium,series/observations,3,1,1,200,True,,,0.349804707999283,0.000734792003640905,0.3506359169987263,7047,72.0,,37205,45416,16384
pycurl,observations_medium,series/observations,3,1,2,200,True,,,0.25839679099590285,0.0012313330007600598,0.2597485840014997,7331,72.0,,37773,46270,0
pycurl,observations_medium,series/observations,3,1,3,200,True,,,0.15358825000294019,0.0006489580046036281,0.15432349999900907,7115,72.0,,37341,45622,0
pycurl,observations_medium,series/observations,3,1,4,200,True,,,0.19334024999989197,0.012025000003632158,0.2054476249977597,148826,1566.0,,758901,908890,0
pycurl,observations_medium,series/observations,3,1,5,200,True,,,0.12152270899969153,0.00044383299973560497,0.12207504200341646,7259,72.0,,37629,46052,0
pycurl,observations_medium,series/observations,3,1,6,200,True,,,0.22524870799679775,0.0005467499941005372,0.2259242920044926,2672,24.0,,14263,18098,0
pycurl,observations_medium,series/observations,3,1,7,200,True,,,0.17429833299684105,0.0006425829997169785,0.17502995899849338,7331,72.0,,37773,46265,0
pycurl,observations_medium,series/observations,3,1,8,200,True,,,0.14698062500247033,0.0005208750008023344,0.14757549999922048,7367,72.0,,37845,46376,0
pycurl,observations_medium,series/observations,3,1,9,200,True,,,0.15519937500357628,0.0005305840022629127,0.15581454199855216,7331,72.0,,37773,46266,0
pycurl,observations_medium,series/observations,3,1,10,200,True,,,0.12650362500426127,0.0005838329961989075,0.1271734159963671,7258,72.0,,37627,46048,0
pycurl,observations_medium,series/observations,3,2,1,200,True,,,0.4131081669984269,0.0016560419971938245,0.41491295799642103,7047,72.0,,37205,45416,0
pycurl,observations_medium,series/observations,3,2,2,200,True,,,0.13908920800167834,0.0004052910007885657,0.13956920799682848,7331,72.0,,37773,46270,0
pycurl,observations_medium,series/observations,3,2,3,200,True,,,0.10063375000027008,0.000451457999588456,0.10116462500445778,7115,72.0,,37341,45622,0
pycurl,observations_medium,series/observations,3,2,4,200,True,,,0.1822970420034835,0.011292875002254732,0.1936883329981356,148826,1566.0,,758901,908890,0
pycurl,observations_medium,series/observations,3,2,5,200,True,,,0.15948662500159116,0.0006303749978542328,0.1602017920013168,7259,72.0,,37629,46052,0
pycurl,observations_medium,series/observations,3,2,6,200,True,,,0.13676933399983682,0.00021704200480598956,0.13705749999644468,2672,24.0,,14263,18098,0
pycurl,observations_medium,series/observations,3,2,7,200,True,,,0.3649259579979116,0.001691208002739586,0.36675675000151386,7331,72.0,,37773,46265,0
pycurl,observations_medium,series/observations,3,2,8,200,True,,,0.1603893329956918,0.0006173750007292256,0.16108574999816483,7367,72.0,,37845,46376,0
pycurl,observations_medium,series/observations,3,2,9,200,True,,,0.12197700000251643,0.0005317920004017651,0.12259349999658298,7331,72.0,,37773,46266,0
pycurl,observations_medium,series/observations,3,2,10,200,True,,,0.09909612499905052,0.00039754199679009616,0.09957195800234331,7258,72.0,,37627,46048,0
pycurl,observations_medium,series/observations,3,3,1,200,True,,,0.38260704199637985,0.0007659999973839149,0.38346833400282776,7047,72.0,,37205,45416,0
pycurl,observations_medium,series/observations,3,3,2,200,True,,,0.12717229199915892,0.0005405830015661195,0.12778729199635563,7331,72.0,,37773,46270,0
pycurl,observations_medium,series/observations,3,3,3,200,True,,,0.1119310830035829,0.0005259579993435182,0.11253700000088429,7115,72.0,,37341,45622,0
pycurl,observations_medium,series/observations,3,3,4,200,True,,,0.14581908299442148,0.009646582999266684,0.15554387500014855,148826,1566.0,,758901,908890,0
pycurl,observations_medium,series/observations,3,3,5,200,True,,,0.12028170799749205,0.0004606669972417876,0.12082591700163903,7259,72.0,,37629,46052,0
pycurl,observations_medium,series/observations,3,3,6,200,True,,,0.09376083400275093,0.00012970900570508093,0.09396729100262746,2672,24.0,,14263,18098,0
pycurl,observations_medium,series/observations,3,3,7,200,True,,,0.19977120900148293,0.0005491660049301572,0.2003967919954448,7331,72.0,,37773,46265,0
pycurl,observations_medium,series/observations,3,3,8,200,True,,,0.10212337499979185,0.000450707993877586,0.10264908299723174,7367,72.0,,37845,46376,0
pycurl,observations_medium,series/observations,3,3,9,200,True,,,0.14749941699847113,0.0005435830025817268,0.14813000000140164,7331,72.0,,37773,46266,0
pycurl,observations_medium,series/observations,3,3,10,200,True,,,0.17991012499987846,0.0006364580040099099,0.18064337499527028,7258,72.0,,38539,47040,0
pycurl,observations_large,series/observations,1,1,1,200,True,,,0.4341250840006978,0.0028955420057172887,0.4370816249938798,86299,915.0,,444269,531729,0
pycurl,observations_large,series/observations,1,1,2,200,True,,,0.10712004100059858,0.00303025000175694,0.11021504100062884,88455,915.0,,449115,538709,0
pycurl,observations_large,series/observations,1,1,3,200,True,,,0.11018450000119628,0.0027249580016359687,0.11296837500412948,82226,862.0,,421488,504853,0
pycurl,observations_large,series/observations,1,1,4,200,True,,,0.38851158300531097,0.052280083000368904,0.4408506660038256,1593946,16783.0,,8112981,9708063,3801088
pycurl,observations_large,series/observations,1,1,5,200,True,,,0.27629129200067837,0.00522741700115148,0.2816037079974194,88590,915.0,,449427,539154,0
pycurl,observations_large,series/observations,1,1,6,200,True,,,0.09696691700082738,0.001823332997446414,0.09885974999633618,30572,305.0,,153009,184717,0
pycurl,observations_large,series/observations,1,1,7,200,True,,,0.08521625000139466,0.003978833003202453,0.0892618340003537,78564,807.0,,397483,477181,0
pycurl,observations_large,series/observations,1,1,8,200,True,,,0.10235449999890989,0.0047770000019227155,0.1072194589942228,89964,915.0,,452175,543276,0
pycurl,observations_large,series/observations,1,1,9,200,True,,,0.1709962919994723,0.0056430420008837245,0.17673679199651815,78513,807.0,,397381,477029,0
pycurl,observations_large,series/observations,1,1,10,200,True,,,0.08880950000457233,0.003647541998361703,0.09255187500093598,77163,807.0,,394681,472980,0
pycurl,observations_large,series/observations,1,2,1,200,True,,,0.16035449999617413,0.006013792000885587,0.1664477079975768,86299,915.0,,444803,532239,0
pycurl,observations_large,series/observations,1,2,2,200,True,,,0.20967691699479474,0.008017042004212271,0.2178149170067627,88455,915.0,,449115,538709,0
pycurl,observations_large,series/observations,1,2,3,200,True,,,0.0960537920036586,0.003628790997026954,0.09974987500027055,82226,862.0,,421488,504853,0
pycurl,observations_large,series/observations,1,2,4,200,True,,,0.2784865420035203,0.07029750000219792,0.3488491249954677,1593946,16783.0,,8112981,9708063,3801088
pycurl,observations_large,series/observations,1,2,5,200,True,,,0.1236101249960484,0.0030319159995997325,0.12670979100221302,88590,915.0,,449427,539154,0
pycurl,observations_large,series/observations,1,2,6,200,True,,,0.1819767079941812,0.0009732079997775145,0.18300754200026859,30572,305.0,,153009,184717,0
pycurl,observations_large,series/observations,1,2,7,200,True,,,0.13501350000296952,0.002929374997620471,0.13800958300271304,78564,807.0,,397483,477181,0
pycurl,observations_large,series/observations,1,2,8,200,True,,,0.5426283749984577,0.0030832499978714623,0.5457752500005881,89964,915.0,,452175,543276,0
pycurl,observations_large,series/observations,1,2,9,200,True,,,0.20749420799984364,0.0048978330014506355,0.21246841599349864,78513,807.0,,397381,477029,0
pycurl,observations_large,series/observations,1,2,10,200,True,,,0.1377855000027921,0.003941374998248648,0.14179750000039348,77163,807.0,,394681,472980,0
pycurl,observations_large,series/observations,1,3,1,200,True,,,0.27868237499933457,0.005271582995192148,0.2840335840010084,86299,915.0,,444803,532239,0
pycurl,observations_large,series/observations,1,3,2,200,True,,,0.19177570899773855,0.005458624997118022,0.1973090419996879,88455,915.0,,449115,538709,0
pycurl,observations_large,series/observations,1,3,3,200,True,,,0.09569966699928045,0.004047959002491552,0.0998200829999405,82226,862.0,,421488,504853,0
pycurl,observations_large,series/observations,1,3,4,200,True,,,0.21405099999537924,0.07383612500416348,0.28795295800227905,1593946,16783.0,,8112981,9708063,3817472
pycurl,observations_large,series/observations,1,3,5,200,True,,,0.0891394170030253,0.004734583999379538,0.09394529100245563,88590,915.0,,449427,539154,0
pycurl,observations_large,series/observations,1,3,6,200,True,,,0.08852608400047757,0.0016095829996629618,0.09022208399983356,30572,305.0,,153009,184717,0
pycurl,observations_large,series/observations,1,3,7,200,True,,,0.12119862499821465,0.005258999997749925,0.12653241599764442,78564,807.0,,397483,477181,0
pycurl,observations_large,series/observations,1,3,8,200,True,,,0.10868133299663896,0.005139790999237448,0.11390608299552696,89964,915.0,,452175,543276,0
pycurl,observations_large,series/observations,1,3,9,200,True,,,0.09818491600162815,0.004536874999757856,0.10279362500295974,78513,807.0,,397381,477029,0
pycurl,observations_large,series/observations,1,3,10,200,True,,,0.1479970410000533,0.005809417001728434,0.15389083400077652,77163,807.0,,394681,472980,0
pycurl,observations_large,series/observations,2,1,1,200,True,,,0.15975608299777377,0.00492458300141152,0.16474950000701938,86299,915.0,,444803,532239,0
pycurl,observations_large,series/observations,2,1,2,200,True,,,0.11107845800142968,0.004742875004012603,0.11588545800623251,88455,915.0,,449115,538709,0
pycurl,observations_large,series/observations,2,1,3,200,True,,,0.09605170800205087,0.00489637500140816,0.1010186249986873,82226,862.0,,421488,504853,0
pycurl,observations_large,series/observations,2,1,4,200,True,,,0.22510587500437396,0.07718791699880967,0.3023874170030467,1593946,16783.0,,8113893,9709055,5685248
pycurl,observations_large,series/observations,2,1,5,200,True,,,0.08755291700072121,0.003704332993947901,0.09132479099935153,88590,915.0,,449427,539154,0
pycurl,observations_large,series/observations,2,1,6,200,True,,,0.1771185420002439,0.002318208003998734,0.17952279200108023,30572,305.0,,153009,184717,0
pycurl,observations_large,series/observations,2,1,7,200,True,,,0.12049387500155717,0.005095125001389533,0.12565941699722316,78564,807.0,,397483,477181,0
pycurl,observations_large,series/observations,2,1,8,200,True,,,0.09376308400533162,0.004499791997659486,0.09834970800147858,89964,915.0,,452175,543276,0
pycurl,observations_large,series/observations,2,1,9,200,True,,,0.10588874999666587,0.0037134169979253784,0.10966645900043659,78513,807.0,,397381,477029,0
pycurl,observations_large,series/observations,2,1,10,200,True,,,0.11283487499895273,0.003923875003238209,0.11682245800329838,77163,807.0,,394681,472980,0
pycurl,observations_large,series/observations,2,2,1,200,True,,,0.18442066699935822,0.004274124999938067,0.18877475000044797,86299,915.0,,444803,532239,0
pycurl,observations_large,series/observations,2,2,2,200,True,,,0.10579962500196416,0.003842917001747992,0.10971766700095031,88455,915.0,,449115,538709,0
pycurl,observations_large,series/observations,2,2,3,200,True,,,0.10487237499910407,0.004375625001557637,0.10931895799876656,82226,862.0,,421488,504853,0
pycurl,observations_large,series/observations,2,2,4,200,True,,,0.19555012499768054,0.0624572500018985,0.2580834580003284,1593946,16783.0,,8112981,9708063,3817472
pycurl,observations_large,series/observations,2,2,5,200,True,,,0.1562114999978803,0.006033666999428533,0.16233337499579648,88590,915.0,,449427,539154,0
pycurl,observations_large,series/observations,2,2,6,200,True,,,0.10456641600467265,0.0009869999994407408,0.10561541700008092,30572,305.0,,153009,184717,0
pycurl,observations_large,series/observations,2,2,7,200,True,,,0.1035431249983958,0.0038830830017104745,0.10749404200032586,78564,807.0,,397483,477181,0
pycurl,observations_large,series/observations,2,2,8,200,True,,,0.11205262500152458,0.0030473329970845953,0.11517091700079618,89964,915.0,,452175,543276,0
pycurl,observations_large,series/observations,2,2,9,200,True,,,0.13339887500478653,0.0036404160055099055,0.13711599999805912,78513,807.0,,397381,477029,0
pycurl,observations_large,series/observations,2,2,10,200,True,,,0.08592645799944876,0.002784790995065123,0.08878175000427291,77163,807.0,,394681,472980,0
pycurl,observations_large,series/observations,2,3,1,200,True,,,0.1808671249964391,0.004884832997049671,0.18583179100096459,86299,915.0,,444803,532239,0
pycurl,observations_large,series/observations,2,3,2,200,True,,,0.21712624999781838,0.006094750002375804,0.22329425000498304,88455,915.0,,449115,538709,0
pycurl,observations_large,series/observations,2,3,3,200,True,,,0.15655166600481607,0.0044027920012013055,0.16102554200188024,82226,862.0,,421488,504853,0
pycurl,observations_large,series/observations,2,3,4,200,True,,,0.16162883300421527,0.07057974999770522,0.23228637500142213,1593946,16783.0,,8112981,9708063,3817472
pycurl,observations_large,series/observations,2,3,5,200,True,,,0.11687525000161259,0.00507479199586669,0.12201933300093515,88590,915.0,,449427,539154,0
pycurl,observations_large,series/observations,2,3,6,200,True,,,0.1433127499985858,0.0013484160008374602,0.14473300000099698,30572,305.0,,153009,184717,0
pycurl,observations_large,series/observations,2,3,7,200,True,,,0.11617324999679113,0.004686499996751081,0.1209519160038326,78564,807.0,,397483,477181,0
pycurl,observations_large,series/observations,2,3,8,200,True,,,0.22706879200268304,0.008660583000164479,0.23584083400055533,89964,915.0,,452175,543276,0
pycurl,observations_large,series/observations,2,3,9,200,True,,,0.11929958400287433,0.0053482500006794,0.1247306250006659,78513,807.0,,397381,477029,0
pycurl,observations_large,series/observations,2,3,10,200,True,,,0.41551954099850263,0.0025494579967926256,0.4181314170054975,77163,807.0,,394681,472980,0
pycurl,observations_large,series/observations,3,1,1,200,True,,,0.26179791599861346,0.0028500829939730465,0.2647077920046286,86299,915.0,,444803,532239,0
pycurl,observations_large,series/observations,3,1,2,200,True,,,0.09860083399689756,0.004181834003247786,0.10284625000349479,88455,915.0,,449115,538709,0
pycurl,observations_large,series/observations,3,1,3,200,True,,,0.15953224999975646,0.005990959005430341,0.1655945000020438,82226,862.0,,421488,504853,0
pycurl,observations_large,series/observations,3,1,4,200,True,,,0.18157004199747462,0.07157229100266704,0.2532119580064318,1593946,16783.0,,8112981,9708063,3833856
pycurl,observations_large,series/observations,3,1,5,200,True,,,0.09645629100123188,0.004791542000020854,0.10132033399713691,88590,915.0,,449427,539154,0
pycurl,observations_large,series/observations,3,1,6,200,True,,,0.08790187499835156,0.0011228749935980886,0.08908716699806973,30572,305.0,,153009,184717,0
pycurl,observations_large,series/observations,3,1,7,200,True,,,0.09665483300341293,0.002798124995024409,0.09952437500032829,78564,807.0,,397483,477181,0
pycurl,observations_large,series/observations,3,1,8,200,True,,,0.12181158299790695,0.0027200830008951016,0.12458758299908368,89964,915.0,,452175,543276,0
pycurl,observations_large,series/observations,3,1,9,200,True,,,0.14071462499850895,0.0026010829969891347,0.14337574999808567,78513,807.0,,397381,477029,0
pycurl,observations_large,series/observations,3,1,10,200,True,,,0.10385612500249408,0.002975541996420361,0.10689066700433614,77163,807.0,,394681,472980,0
pycurl,observations_large,series/observations,3,2,1,200,True,,,0.1471634580011596,0.004744541998661589,0.15197049999551382,86299,915.0,,445715,533231,0
pycurl,observations_large,series/observations,3,2,2,200,True,,,0.1501717909995932,0.006037958002707455,0.1562787919974653,88455,915.0,,449115,538709,0
pycurl,observations_large,series/observations,3,2,3,200,True,,,0.10943233300349675,0.004304167006921489,0.11380458300118335,82226,862.0,,421488,504853,0
pycurl,observations_large,series/observations,3,2,4,200,True,,,0.20858920799946645,0.05418166600429686,0.26283974999387283,1593946,16783.0,,8112981,9708063,3850240
pycurl,observations_large,series/observations,3,2,5,200,True,,,0.1294189580003149,0.002713166999456007,0.1321902090057847,88590,915.0,,449427,539154,0
pycurl,observations_large,series/observations,3,2,6,200,True,,,0.15576629099814454,0.000919083999178838,0.15674500000022817,30572,305.0,,153009,184717,0
pycurl,observations_large,series/observations,3,2,7,200,True,,,0.09526520800136495,0.0030691249994561076,0.0983932500021183,78564,807.0,,397483,477181,0
pycurl,observations_large,series/observations,3,2,8,200,True,,,0.11051979100011522,0.0031261659969459288,0.11370424999768147,89964,915.0,,452175,543276,0
pycurl,observations_large,series/observations,3,2,9,200,True,,,0.24422141700051725,0.004629167000530288,0.248922083999787,78513,807.0,,397381,477029,0
pycurl,observations_large,series/observations,3,2,10,200,True,,,0.16769249999924796,0.004068791997269727,0.17184245799580822,77163,807.0,,394681,472980,0
pycurl,observations_large,series/observations,3,3,1,200,True,,,0.1705789170009666,0.00418550000176765,0.17484549999790033,86299,915.0,,444803,532239,0
pycurl,observations_large,series/observations,3,3,2,200,True,,,0.13040516600449337,0.00409804200171493,0.13457691700023133,88455,915.0,,449115,538709,0
pycurl,observations_large,series/observations,3,3,3,200,True,,,0.12200383299932582,0.0032268330032820813,0.12529124999855412,82226,862.0,,421488,504853,0
pycurl,observations_large,series/observations,3,3,4,200,True,,,0.27691000000049826,0.07463295799971092,0.35162429100455483,1593946,16783.0,,8112981,9708063,3850240
pycurl,observations_large,series/observations,3,3,5,200,True,,,0.16957066600298276,0.005852458001754712,0.17549516700091772,88590,915.0,,449427,539154,0
pycurl,observations_large,series/observations,3,3,6,200,True,,,0.10741133299598005,0.0017040419988916256,0.10918620799930068,30572,305.0,,153009,184717,0
pycurl,observations_large,series/observations,3,3,7,200,True,,,0.10156429200287675,0.004269208002369851,0.10591083300096216,78564,807.0,,397483,477181,0
pycurl,observations_large,series/observations,3,3,8,200,True,,,0.136676082998747,0.005384458003391046,0.1421344999980647,89964,915.0,,452175,543276,0
pycurl,observations_large,series/observations,3,3,9,200,True,,,0.24751904200093122,0.008673042000737041,0.25633012499747565,78513,807.0,,397381,477029,0
pycurl,observations_large,series/observations,3,3,10,200,True,,,0.1127144580023014,0.004509833997872192,0.11729608300083783,77163,807.0,,394681,472980,0
pycurl,search,series/search,1,1,1,200,True,,,0.19380166699556867,0.0004185419966233894,0.19428933299786877,30326,,25.0,83050,114636,0
pycurl,search,series/search,1,1,2,200,True,,,2.104428957994969,0.0008718329991097562,2.1053750420032884,21432,,25.0,61626,84297,0
pycurl,search,series/search,1,1,3,200,True,,,0.5682617499987828,0.0013342919992282987,0.5696882089978317,51824,,25.0,129390,182454,0
pycurl,search,series/search,1,1,4,200,True,,,0.26029962499887915,0.0010317089981981553,0.26160562499717344,26077,,25.0,70433,97751,0
pycurl,search,series/search,1,1,5,500,False,,,0.1554277910036035,3.716700302902609e-05,0.15554083399911178,58,,,916,2223,0
pycurl,search,series/search,1,1,6,500,False,,,0.0845077499980107,3.0208000680431724e-05,0.08461191700189374,58,,,916,2222,0
pycurl,search,series/search,1,1,7,200,True,,,0.08177112499834038,0.0006624579982599244,0.08250870899792062,30326,,25.0,83224,114786,0
pycurl,search,series/search,1,1,8,200,True,,,0.1094804579988704,0.0006427080006687902,0.11019491600018227,21432,,25.0,61626,84297,0
pycurl,search,series/search,1,1,9,200,True,,,0.12216887500107987,0.0007948750062496401,0.12303249999968102,51824,,25.0,130262,183406,0
pycurl,search,series/search,1,1,10,200,True,,,0.08670262499799719,0.0003879590003634803,0.08715029200538993,26077,,25.0,70433,97751,0
pycurl,search,series/search,1,2,1,200,True,,,0.1393444589994033,0.00040787499892758206,0.139809291002166,30326,,25.0,83224,114786,0
pycurl,search,series/search,1,2,2,200,True,,,0.0932131669978844,0.0003880419972119853,0.0936597920008353,21432,,25.0,61626,84297,0
pycurl,search,series/search,1,2,3,200,True,,,0.09413849999691593,0.00042108300112886354,0.09462516600615345,51824,,25.0,129390,182454,0
pycurl,search,series/search,1,2,4,200,True,,,0.08580645800248021,0.0004611670010490343,0.08633562499744585,26077,,25.0,70433,97751,0
pycurl,search,series/search,1,2,5,200,True,,,4.01395304199832,0.0011705000069923699,4.015238125000906,15797,,25.0,52053,69099,0
pycurl,search,series/search,1,2,6,200,True,,,3.4117689999984577,0.0010354580008424819,3.412907375000941,17414,,25.0,54410,73072,0
pycurl,search,series/search,1,2,7,200,True,,,0.11484316700079944,0.0007737920022918843,0.11568595900462242,30326,,25.0,83224,114786,0
pycurl,search,series/search,1,2,8,200,True,,,0.12466779199894518,0.00073487500048941,0.12548087500181282,21432,,25.0,61626,84297,0
pycurl,search,series/search,1,2,9,500,False,,,0.07722825000382727,2.6416004402562976e-05,0.07732716699683806,58,,,916,2214,0
pycurl,search,series/search,1,2,10,200,True,,,0.10933437500352738,0.0007106670018401928,0.11011187499389052,26077,,25.0,70433,97751,0
pycurl,search,series/search,1,3,1,200,True,,,0.14574037499551196,0.0008649590017739683,0.14667037499748403,30326,,25.0,83224,114786,0
pycurl,search,series/search,1,3,2,200,True,,,0.11191558399877977,0.0006187909966683947,0.11259933400287991,21432,,25.0,62498,85249,0
pycurl,search,series/search,1,3,3,200,True,,,0.08737216699955752,0.0006718750009895302,0.08811833299841965,51824,,25.0,129390,182454,0
pycurl,search,series/search,1,3,4,200,True,,,0.07955154099909123,0.0006577089952770621,0.0802836250004475,26077,,25.0,70433,97751,0
pycurl,search,series/search,1,3,5,200,True,,,0.090112500001851,0.0005533340008696541,0.0907506250005099,15797,,25.0,52053,69099,0
pycurl,search,series/search,1,3,6,200,True,,,0.10416137499851175,0.0006418330012820661,0.1048845409968635,17414,,25.0,54410,73072,0
pycurl,search,series/search,1,3,7,500,False,,,0.10043970799597446,2.866699651349336e-05,0.10052908299985575,58,,,916,2210,0
pycurl,search,series/search,1,3,8,500,False,,,0.0723106670047855,2.8750000637955964e-05,0.07242958300048485,58,,,916,2213,0
pycurl,search,series/search,1,3,9,200,True,,,0.08914683300099568,0.0006766250007785857,0.08989262500108453,51824,,25.0,129390,182454,0
pycurl,search,series/search,1,3,10,200,True,,,0.0759470000048168,0.0006369169932440855,0.07667175000096904,26077,,25.0,70433,97751,0
pycurl,search,series/search,2,1,1,200,True,,,0.15545183399808593,0.0008124999949359335,0.15633258299931185,30326,,25.0,83224,114786,0
pycurl,search,series/search,2,1,2,200,True,,,0.0791840410020086,0.0005548750050365925,0.07981520800240105,21432,,25.0,61626,84297,0
pycurl,search,series/search,2,1,3,200,True,,,0.09915945800457848,0.0007487499970011413,0.09998175000509946,51824,,25.0,129390,182454,0
pycurl,search,series/search,2,1,4,200,True,,,0.18322154100314947,0.0011792090008384548,0.18448583299323218,26077,,25.0,70433,97751,0
pycurl,search,series/search,2,1,5,200,True,,,4.962362291997124,0.0011851660019601695,4.963665208000748,15797,,25.0,52053,69099,0
pycurl,search,series/search,2,1,6,200,True,,,0.23506516599445604,0.0011963750002905726,0.2363830419999431,17414,,25.0,54410,73072,0
pycurl,search,series/search,2,1,7,200,True,,,0.08663637499557808,0.0006201249998412095,0.08732641700044041,30326,,25.0,83224,114786,0
pycurl,search,series/search,2,1,8,200,True,,,0.07535474999895087,0.0005680839967681095,0.07599654100340558,21432,,25.0,61626,84297,0
pycurl,search,series/search,2,1,9,200,True,,,0.09195437500602566,0.0006997499949648045,0.09273504200245952,51824,,25.0,129390,182454,0
pycurl,search,series/search,2,1,10,200,True,,,0.11619404100201791,0.0006951249961275607,0.11696424999536248,26077,,25.0,70433,97751,0
pycurl,search,series/search,2,2,1,200,True,,,0.2853203329941607,0.0012917089989059605,0.28672287500376115,30326,,25.0,83224,114786,0
pycurl,search,series/search,2,2,2,200,True,,,1.4387113340053475,0.00118674999976065,1.4400111670038314,21432,,25.0,62714,85465,0
pycurl,search,series/search,2,2,3,200,True,,,0.491377124999417,0.0012815419977414422,0.49275029099953827,51824,,25.0,129390,182454,0
pycurl,search,series/search,2,2,4,200,True,,,0.12894237500586314,0.0007103750031092204,0.12971962500159862,26077,,25.0,70433,97751,0
pycurl,search,series/search,2,2,5,200,True,,,0.08197670800291235,0.0005805420005344786,0.08262941700377269,15797,,25.0,52053,69099,0
pycurl,search,series/search,2,2,6,200,True,,,2.3777269999991404,0.003180332998454105,2.381053791999875,17414,,25.0,54410,73072,0
pycurl,search,series/search,2,2,7,200,True,,,0.09129708299587946,0.0006690410009468906,0.09204320800199639,30326,,25.0,83224,114786,0
pycurl,search,series/search,2,2,8,200,True,,,0.07448000000294996,0.0005203750042710453,0.07507208300376078,21432,,25.0,61626,84297,0
pycurl,search,series/search,2,2,9,200,True,,,0.10164170799544081,0.0007354580011451617,0.10244795799371786,51824,,25.0,129390,182454,0
pycurl,search,series/search,2,2,10,200,True,,,0.10543758299900219,0.0007006249943515286,0.10620858400216093,26077,,25.0,70433,97751,0
pycurl,search,series/search,2,3,1,200,True,,,0.1457782910001697,0.0008403749961871654,0.14669179200427607,30326,,25.0,83224,114786,0
pycurl,search,series/search,2,3,2,200,True,,,0.08561100000224542,0.0005879579985048622,0.08626391600409988,21432,,25.0,61626,84297,0
pycurl,search,series/search,2,3,3,200,True,,,0.08618883300368907,0.0006961670005694032,0.08695291599724442,51824,,25.0,129390,182454,0
pycurl,search,series/search,2,3,4,200,True,,,0.0863162919995375,0.0007089170030667447,0.08711620800022501,26077,,25.0,70433,97751,0
pycurl,search,series/search,2,3,5,200,True,,,0.1015595420030877,0.0006396249955287203,0.10228262500459095,15797,,25.0,52053,69099,0
pycurl,search,series/search,2,3,6,200,True,,,0.08544170900131576,0.0005924169963691384,0.08610712500376394,17414,,25.0,54410,73072,0
pycurl,search,series/search,2,3,7,200,True,,,0.07876279199990677,0.000624458996753674,0.07946137499675388,30326,,25.0,83224,114786,0
pycurl,search,series/search,2,3,8,200,True,,,0.09811849999823608,0.0006120420002844185,0.09880212500138441,21432,,25.0,61626,84297,0
pycurl,search,series/search,2,3,9,200,True,,,0.08576233299390879,0.00043404199823271483,0.0862560419991496,51824,,25.0,129390,182454,0
pycurl,search,series/search,2,3,10,200,True,,,0.0948125409995555,0.0006976250006118789,0.09559283300040988,26077,,25.0,70433,97751,0
pycurl,search,series/search,3,1,1,200,True,,,0.13219191600364866,0.000788499994087033,0.13305687500542263,30326,,25.0,83224,114786,0
pycurl,search,series/search,3,1,2,200,True,,,0.13819362499634735,0.0008233749977080151,0.13909520900051575,21432,,25.0,61626,84297,0
pycurl,search,series/search,3,1,3,200,True,,,0.10773737500130665,0.0007890830020187423,0.1086016249973909,51824,,25.0,129390,182454,0
pycurl,search,series/search,3,1,4,200,True,,,0.08827604100224562,0.0006720829987898469,0.0890129170002183,26077,,25.0,70433,97751,0
pycurl,search,series/search,3,1,5,200,True,,,0.14521283299836796,0.0008489580068271607,0.14613687500241213,15797,,25.0,52053,69099,0
pycurl,search,series/search,3,1,6,200,True,,,0.10473562500556,0.0006416249962057918,0.10545108299993444,17414,,25.0,54410,73072,0
pycurl,search,series/search,3,1,7,200,True,,,0.11368041700188769,0.0008199579970096238,0.11457462500402471,30326,,25.0,83224,114786,0
pycurl,search,series/search,3,1,8,200,True,,,0.0999947499949485,0.0006189169944263995,0.1006837090026238,21432,,25.0,61626,84297,0
pycurl,search,series/search,3,1,9,200,True,,,0.11564854199968977,0.000926791995880194,0.11665458299830789,51824,,25.0,129390,182454,0
pycurl,search,series/search,3,1,10,200,True,,,0.11133591600082582,0.0008240000024670735,0.11223912500281585,26077,,25.0,70433,97751,0
pycurl,search,series/search,3,2,1,200,True,,,0.13505808400077512,0.0007054159941617399,0.13584916699619498,30326,,25.0,83224,114786,0
pycurl,search,series/search,3,2,2,200,True,,,0.07870749999710824,0.00046954199933679774,0.07924308399378788,21432,,25.0,61626,84297,0
pycurl,search,series/search,3,2,3,200,True,,,0.1079576249976526,0.0008161670048139058,0.10884958300448488,51824,,25.0,129390,182454,0
pycurl,search,series/search,3,2,4,200,True,,,0.16619187500327826,0.0009750000026542693,0.167240959002811,26077,,25.0,70729,98047,0
pycurl,search,series/search,3,2,5,200,True,,,0.12759908300358802,0.00073458299448248,0.1284063339990098,15797,,25.0,52053,69099,0
pycurl,search,series/search,3,2,6,200,True,,,0.17456687500089174,0.0010693329968489707,0.17571541699726367,17414,,25.0,54410,73072,0
pycurl,search,series/search,3,2,7,200,True,,,0.10948487499990733,0.0007103330062818713,0.11026062500604894,30326,,25.0,83224,114786,0
pycurl,search,series/search,3,2,8,200,True,,,0.11804358299559681,0.0007507500049541704,0.11887458300043363,21432,,25.0,61626,84297,0
pycurl,search,series/search,3,2,9,200,True,,,0.11479829100426286,0.0007945830002427101,0.11565895800595172,51824,,25.0,129390,182454,0
pycurl,search,series/search,3,2,10,200,True,,,0.12106183300056728,0.0008186670020222664,0.12197050000395393,26077,,25.0,70433,97751,0
pycurl,search,series/search,3,3,1,200,True,,,0.15139458299381658,0.000803167000412941,0.15227366600447567,30326,,25.0,83224,114786,0
pycurl,search,series/search,3,3,2,200,True,,,0.12410495900257956,0.0006204999954206869,0.12479608299327083,21432,,25.0,61626,84297,0
pycurl,search,series/search,3,3,3,200,True,,,0.12241862499649869,0.0008807499980321154,0.12337904100422747,51824,,25.0,129390,182454,0
pycurl,search,series/search,3,3,4,200,True,,,0.11405095800000709,0.0007352090033236891,0.1148643330016057,26077,,25.0,70433,97751,0
pycurl,search,series/search,3,3,5,200,True,,,0.17241054199985228,0.0010213339992333204,0.17352387500432087,15797,,25.0,52053,69099,0
pycurl,search,series/search,3,3,6,200,True,,,0.09470799999689916,0.0006190830026753247,0.09539375000167638,17414,,25.0,54410,73072,0
pycurl,search,series/search,3,3,7,200,True,,,0.09469929100305308,0.000744334000046365,0.09551966599974548,30326,,25.0,83224,114786,0
pycurl,search,series/search,3,3,8,200,True,,,0.18719641700590728,0.0008664170018164441,0.18814416699751746,21432,,25.0,61626,84297,0
pycurl,search,series/search,3,3,9,200,True,,,0.13091062499734107,0.0007562920000054874,0.13174720799725037,51824,,25.0,129390,182454,0
pycurl,search,series/search,3,3,10,200,True,,,0.1549771670033806,0.0009506659989710897,0.15601012499973876,26077,,25.0,70433,97751,0
pycurl,tags,series/tags,1,1,1,200,True,,,0.13671491700370098,0.0001022910000756383,0.13687145900621545,1977,,14.0,10425,13646,0
pycurl,tags,series/tags,1,1,2,200,True,,,0.10603599999740254,0.00011749999976018444,0.10620716700213961,2165,,16.0,11599,14986,0
pycurl,tags,series/tags,1,1,3,200,True,,,0.0905362910052645,0.00010133300384040922,0.09068962500168709,1802,,13.0,9895,12916,0
pycurl,tags,series/tags,1,1,4,200,True,,,0.09857083299721126,8.70000003487803e-05,0.0987102499930188,1569,,11.0,8752,11543,0
pycurl,tags,series/tags,1,1,5,200,True,,,0.10908037499757484,0.00012712500029010698,0.10926874999859137,1483,,10.0,8258,10960,0
pycurl,tags,series/tags,1,1,6,200,True,,,0.11038141699827975,0.00012087500363122672,0.1105617909997818,1977,,14.0,10552,13749,0
pycurl,tags,series/tags,1,1,7,200,True,,,0.08865387499827193,0.00012770800094585866,0.08883445899846265,2165,,16.0,11599,14986,0
pycurl,tags,series/tags,1,1,8,200,True,,,0.12205629200616386,9.983399650081992e-05,0.12220887500006938,1802,,13.0,9895,12916,0
pycurl,tags,series/tags,1,1,9,200,True,,,0.10204391699517146,9.88750034593977e-05,0.1021976670017466,1569,,11.0,8752,11543,0
pycurl,tags,series/tags,1,1,10,200,True,,,0.08854945799976122,8.08749973657541e-05,0.08868258299480658,1483,,10.0,8258,10960,0
pycurl,tags,series/tags,1,2,1,200,True,,,0.14364099999511382,0.00015875000099185854,0.14385949999996228,1977,,14.0,10552,13749,0
pycurl,tags,series/tags,1,2,2,200,True,,,0.09442537499853643,0.00020045800192747265,0.094688541998039,2165,,16.0,11599,14986,0
pycurl,tags,series/tags,1,2,3,200,True,,,0.11856670799897984,0.0001661669957684353,0.11880583300080616,1802,,13.0,9895,12916,0
pycurl,tags,series/tags,1,2,4,200,True,,,0.09212708300037775,0.0001488330017309636,0.09234583399666008,1569,,11.0,8752,11543,0
pycurl,tags,series/tags,1,2,5,200,True,,,0.10524525000073481,0.00013016600132687017,0.1054353750005248,1483,,10.0,8258,10960,0
pycurl,tags,series/tags,1,2,6,200,True,,,0.12967437500628876,0.00020204199972795323,0.12994029199762736,1977,,14.0,10552,13749,0
pycurl,tags,series/tags,1,2,7,200,True,,,0.16590116700535873,0.00022904099751031026,0.1661999999996624,2165,,16.0,11599,14986,0
pycurl,tags,series/tags,1,2,8,200,True,,,0.1721673339998233,0.00026000000070780516,0.17250929099827772,1802,,13.0,9895,12916,0
pycurl,tags,series/tags,1,2,9,200,True,,,0.14192424999782816,8.783300290815532e-05,0.14206604100036202,1569,,11.0,8752,11543,0
pycurl,tags,series/tags,1,2,10,200,True,,,0.14439074999972945,8.783400699030608e-05,0.14453608300391352,1483,,10.0,8258,10960,0
pycurl,tags,series/tags,1,3,1,200,True,,,0.15162708300340455,0.00012708300346275792,0.15180904199951328,1977,,14.0,10552,13749,0
pycurl,tags,series/tags,1,3,2,200,True,,,0.11858841700450284,0.00011004200496245176,0.11875283299741568,2165,,16.0,11599,14986,0
pycurl,tags,series/tags,1,3,3,200,True,,,0.17925074999948265,0.00010912500147242099,0.17941491600504378,1802,,13.0,10807,13908,0
pycurl,tags,series/tags,1,3,4,200,True,,,0.09109987500414718,0.0001442079956177622,0.09130137499596458,1569,,11.0,8752,11543,0
pycurl,tags,series/tags,1,3,5,200,True,,,0.1099475830051233,0.00013854200369678438,0.11015304199827369,1483,,10.0,8258,10960,0
pycurl,tags,series/tags,1,3,6,200,True,,,0.10253570799977751,0.0002042499982053414,0.10280087499995716,1977,,14.0,10848,14045,0
pycurl,tags,series/tags,1,3,7,200,True,,,0.14268983399961144,0.00024120899615809321,0.1430030830015312,2165,,16.0,11599,14986,0
pycurl,tags,series/tags,1,3,8,200,True,,,0.11938512499909848,0.0001880000054370612,0.11963929199555423,1802,,13.0,9895,12916,0
pycurl,tags,series/tags,1,3,9,200,True,,,0.14809162500023376,0.00020295799913583323,0.14838412500103004,1569,,11.0,8752,11543,0
pycurl,tags,series/tags,1,3,10,200,True,,,0.11457241699827136,0.00015720899682492018,0.11479079200216802,1483,,10.0,8258,10960,0
pycurl,tags,series/tags,2,1,1,200,True,,,0.15438262500538258,0.000229207995289471,0.15467999999964377,1977,,14.0,10552,13749,0
pycurl,tags,series/tags,2,1,2,200,True,,,0.10622666699782712,0.00019683299615280703,0.10648720799508737,2165,,16.0,11599,14986,0
pycurl,tags,series/tags,2,1,3,200,True,,,0.09090691700112075,0.00014674999692942947,0.09110958300152561,1802,,13.0,9895,12916,0
pycurl,tags,series/tags,2,1,4,200,True,,,0.09682016699662199,0.0001249169945367612,0.09701645799941616,1569,,11.0,8752,11543,0
pycurl,tags,series/tags,2,1,5,200,True,,,0.23742904099344742,0.0004587920047924854,0.23801354200259084,1483,,10.0,8258,10960,0
pycurl,tags,series/tags,2,1,6,200,True,,,0.16452012499939883,0.00023529100144514814,0.16482750000432134,1977,,14.0,10552,13749,0
pycurl,tags,series/tags,2,1,7,200,True,,,0.11305916599667398,0.00022600000374950469,0.11335104199679336,2165,,16.0,11599,14986,0
pycurl,tags,series/tags,2,1,8,200,True,,,0.1039155420003226,0.00015766599972266704,0.10413241700007347,1802,,13.0,9895,12916,0
pycurl,tags,series/tags,2,1,9,200,True,,,0.1526376670008176,0.00019087499822489917,0.15289825000218116,1569,,11.0,8752,11543,0
pycurl,tags,series/tags,2,1,10,200,True,,,0.11688512499677017,0.00014133300282992423,0.1170897080010036,1483,,10.0,8258,10960,0
pycurl,tags,series/tags,2,2,1,200,True,,,0.20209991699812235,0.0002968749977299012,0.20248595900193322,1977,,14.0,10552,13749,0
pycurl,tags,series/tags,2,2,2,200,True,,,0.18918158300220966,0.0002990419961861335,0.18957141599821625,2165,,16.0,11599,14986,0
pycurl,tags,series/tags,2,2,3,200,True,,,0.122759917001531,0.00019141699885949492,0.12302545799320797,1802,,13.0,9895,12916,0
pycurl,tags,series/tags,2,2,4,200,True,,,0.11765083300269907,0.00015054199320729822,0.11786333299824037,1569,,11.0,8752,11543,0
pycurl,tags,series/tags,2,2,5,200,True,,,0.159543791996839,0.00016829100059112534,0.15978170800372027,1483,,10.0,8258,10960,0
pycurl,tags,series/tags,2,2,6,200,True,,,0.11718470799678471,0.00017433399625588208,0.11742083299759543,1977,,14.0,10552,13749,0
pycurl,tags,series/tags,2,2,7,200,True,,,0.12784041700069793,0.00022933299624128267,0.12814358299510786,2165,,16.0,11599,14986,0
pycurl,tags,series/tags,2,2,8,200,True,,,0.11693754100269871,0.00016504100494785234,0.11716674999479437,1802,,13.0,9895,12916,0
pycurl,tags,series/tags,2,2,9,200,True,,,0.10674912499962375,0.00016141699597937986,0.10696995799662545,1569,,11.0,8752,11543,0
pycurl,tags,series/tags,2,2,10,200,True,,,0.10434037500090199,0.00014799999917158857,0.10455216699483572,1483,,10.0,8258,10960,0
pycurl,tags,series/tags,2,3,1,200,True,,,0.13168462499743327,0.0001286670012632385,0.13187850000394974,1977,,14.0,10552,13749,0
pycurl,tags,series/tags,2,3,2,200,True,,,0.12168020800163504,0.00012479200086090714,0.12185904100624612,2165,,16.0,11599,14986,0
pycurl,tags,series/tags,2,3,3,200,True,,,0.11129612499644281,0.00010179200035054237,0.11144887500267942,1802,,13.0,9895,12916,0
pycurl,tags,series/tags,2,3,4,200,True,,,0.0976539170005708,0.0001049999991664663,0.09781670800293796,1569,,11.0,8752,11543,0
pycurl,tags,series/tags,2,3,5,200,True,,,0.09913316700112773,8.966700261225924e-05,0.09927404200425372,1483,,10.0,8258,10960,0
pycurl,tags,series/tags,2,3,6,200,True,,,0.09513870799855795,0.00015387500025099143,0.09535179100203095,1977,,14.0,10552,13749,0
pycurl,tags,series/tags,2,3,7,200,True,,,0.10602420800569234,0.00019570800213841721,0.10630637499707518,2165,,16.0,11599,14986,0
pycurl,tags,series/tags,2,3,8,200,True,,,0.09515400000236696,0.000141792006616015,0.09535416700236965,1802,,13.0,9895,12916,0
pycurl,tags,series/tags,2,3,9,200,True,,,0.1002568749972852,0.00015183299547061324,0.10047654200025136,1569,,11.0,8752,11543,0
pycurl,tags,series/tags,2,3,10,200,True,,,0.10579645800316939,9.362499986309558e-05,0.10594808400492184,1483,,10.0,8258,10960,0
pycurl,tags,series/tags,3,1,1,200,True,,,0.1639717500002007,0.00011733299470506608,0.1641443749977043,1977,,14.0,10552,13749,0
pycurl,tags,series/tags,3,1,2,200,True,,,0.12917645800189348,0.00013700000272365287,0.12937650000094436,2165,,16.0,11599,14986,0
pycurl,tags,series/tags,3,1,3,200,True,,,0.09466145899932599,9.962500189431012e-05,0.09481345800304553,1802,,13.0,9895,12916,0
pycurl,tags,series/tags,3,1,4,200,True,,,0.08503258299606387,0.0001070829966920428,0.08519008399889572,1569,,11.0,8752,11543,0
pycurl,tags,series/tags,3,1,5,200,True,,,0.10177174999989802,0.00010279100388288498,0.10193820799759123,1483,,10.0,8258,10960,0
pycurl,tags,series/tags,3,1,6,200,True,,,0.09386587500193855,0.00015512499521719292,0.09407833300065249,1977,,14.0,10552,13749,0
pycurl,tags,series/tags,3,1,7,200,True,,,0.12529491700115614,0.00014275000285124406,0.12550416700105416,2165,,16.0,11599,14986,0
pycurl,tags,series/tags,3,1,8,200,True,,,0.16621600000507897,0.0001359169982606545,0.16641933399660047,1802,,13.0,10191,13212,0
pycurl,tags,series/tags,3,1,9,200,True,,,0.10419991700473474,0.00014537500101141632,0.10441029100184096,1569,,11.0,8752,11543,0
pycurl,tags,series/tags,3,1,10,200,True,,,0.09536391700385138,0.000115999995614402,0.09554512499744305,1483,,10.0,8258,10960,0
pycurl,tags,series/tags,3,2,1,200,True,,,0.13558208299946273,0.00017879100050777197,0.13583549999748357,1977,,14.0,10552,13749,0
pycurl,tags,series/tags,3,2,2,200,True,,,0.11179575000278419,0.0001972499958355911,0.1120528750034282,2165,,16.0,11599,14986,0
pycurl,tags,series/tags,3,2,3,200,True,,,0.15827541700127767,0.00019204200361855328,0.15853537499788217,1802,,13.0,9895,12916,0
pycurl,tags,series/tags,3,2,4,200,True,,,0.18633554199914215,0.00021170899708522484,0.18661724999401486,1569,,11.0,8752,11543,0
pycurl,tags,series/tags,3,2,5,200,True,,,0.08386320800491376,0.00013954099995316938,0.0840669169992907,1483,,10.0,8258,10960,0
pycurl,tags,series/tags,3,2,6,200,True,,,0.1049634579976555,0.00017624999600229785,0.10520691599958809,1977,,14.0,10552,13749,0
pycurl,tags,series/tags,3,2,7,200,True,,,0.1603545830002986,0.00023970800248207524,0.16066858299745945,2165,,16.0,11599,14986,0
pycurl,tags,series/tags,3,2,8,200,True,,,0.09708629200031282,0.00018033400556305423,0.09734587500133784,1802,,13.0,9895,12916,0
pycurl,tags,series/tags,3,2,9,200,True,,,0.13760499999625608,0.00019991699809907004,0.13787679199595004,1569,,11.0,8752,11543,0
pycurl,tags,series/tags,3,2,10,200,True,,,0.10786308300157543,0.000134292000439018,0.10805812499893364,1483,,10.0,8258,10960,0
pycurl,tags,series/tags,3,3,1,200,True,,,0.1384523330052616,0.00021845800074515864,0.13874116700026207,1977,,14.0,10552,13749,0
pycurl,tags,series/tags,3,3,2,200,True,,,0.10221412499959115,0.00018187499517807737,0.10246491699945182,2165,,16.0,11599,14986,0
pycurl,tags,series/tags,3,3,3,200,True,,,0.12146841600042535,0.00018562500190455467,0.12173020799673395,1802,,13.0,9895,12916,0
pycurl,tags,series/tags,3,3,4,200,True,,,0.10136766600044211,0.00014000000373926014,0.10158320899790851,1569,,11.0,8752,11543,0
pycurl,tags,series/tags,3,3,5,200,True,,,0.10124491600436158,0.00013475000014295802,0.10144687499996508,1483,,10.0,8258,10960,0
pycurl,tags,series/tags,3,3,6,200,True,,,0.10251291700114962,0.0001764170010574162,0.10276191699813353,1977,,14.0,10552,13749,0
pycurl,tags,series/tags,3,3,7,200,True,,,0.12475095899571897,0.00022345800243783742,0.12504420900222613,2165,,16.0,11599,14986,0
pycurl,tags,series/tags,3,3,8,200,True,,,0.09910045799915679,0.0001540830053272657,0.09931525000138208,1802,,13.0,9895,12916,0
pycurl,tags,series/tags,3,3,9,200,True,,,0.09589083299943013,0.00015004200395196676,0.0961059170003864,1569,,11.0,8752,11543,0
pycurl,tags,series/tags,3,3,10,200,True,,,0.10679462500411319,0.00014466699940385297,0.10699783299787669,1483,,10.0,8258,10960,0
pycurl,mixed,series/observations,1,1,1,200,True,,,0.2276426660027937,0.002958459001092706,0.23067329100013012,86299,915.0,,444337,531797,0
pycurl,mixed,series,1,1,2,200,True,,,0.09826245799922617,4.029100091429427e-05,0.09835462499904679,1036,,1.0,4427,6678,0
pycurl,mixed,series/observations,1,1,3,200,True,,,0.12709275000088383,0.00027670900453813374,0.1274310000007972,7047,72.0,,37205,45416,0
pycurl,mixed,series/observations,1,1,4,200,True,,,0.1476197090014466,0.0038080000012996607,0.1514889160025632,86299,915.0,,444803,532239,0
pycurl,mixed,series/search,1,1,5,200,True,,,0.09132583299651742,0.0004057080004713498,0.09180683299928205,30326,,25.0,83224,114786,0
pycurl,mixed,series/tags,1,1,6,200,True,,,0.09988712499762187,0.00010312499944120646,0.1000426669997978,1977,,14.0,10552,13749,0
pycurl,mixed,series,1,1,7,200,True,,,0.09129774999746587,4.3499996536411345e-05,0.09139887500350596,1036,,1.0,4427,6678,0
pycurl,mixed,series/tags,1,1,8,200,True,,,0.08111400000052527,0.00010275000386172906,0.0812688750011148,1977,,14.0,10552,13749,0
pycurl,mixed,series/observations,1,1,9,200,True,,,0.12129137499869103,0.00027241600037086755,0.1216235419997247,7047,72.0,,37205,45416,0
pycurl,mixed,series/search,1,1,10,200,True,,,0.0935825830019894,0.0005594579997705296,0.09420287499960978,30326,,25.0,83224,114786,0
pycurl,mixed,series/observations,1,2,1,200,True,,,0.16933487499773037,0.005221459003223572,0.17463845900056185,86299,915.0,,444803,532239,0
pycurl,mixed,series,1,2,2,200,True,,,0.10602033299801406,6.62909951643087e-05,0.10615633300039917,1036,,1.0,4427,6678,0
pycurl,mixed,series/observations,1,2,3,200,True,,,0.0996884999985923,0.0005430839955806732,0.1003030000065337,7047,72.0,,37205,45416,0
pycurl,mixed,series/observations,1,2,4,200,True,,,0.11031691700191004,0.005191791999095585,0.11558854099712335,86299,915.0,,444803,532239,0
pycurl,mixed,series/search,1,2,5,200,True,,,0.07930983400001423,0.00046929100062698126,0.0798480000012205,30326,,25.0,83224,114786,0
pycurl,mixed,series/tags,1,2,6,200,True,,,0.11339554099686211,0.00018279199866810814,0.113636583002517,1977,,14.0,10552,13749,0
pycurl,mixed,series,1,2,7,200,True,,,0.0936217080015922,6.691700400551781e-05,0.09377216699795099,1036,,1.0,4427,6678,0
pycurl,mixed,series/tags,1,2,8,200,True,,,0.10264925000228686,0.0001768750007613562,0.10288766700250562,1977,,14.0,10552,13749,0
pycurl,mixed,series/observations,1,2,9,200,True,,,0.14429783299419796,0.0006424579987651668,0.14502329199603992,7047,72.0,,38117,46408,0
pycurl,mixed,series/search,1,2,10,200,True,,,0.10057724999933271,0.00048674999561626464,0.10112983400176745,30326,,25.0,83224,114786,0
pycurl,mixed,series/observations,1,3,1,200,True,,,0.18166012500296347,0.0031662080000387505,0.1848910420012544,86299,915.0,,445099,532535,0
pycurl,mixed,series,1,3,2,200,True,,,0.08193862500047544,4.249999619787559e-05,0.08203470800071955,1036,,1.0,4427,6678,0
pycurl,mixed,series/observations,1,3,3,200,True,,,0.10351458300283412,0.00025183300022035837,0.10383395799726713,7047,72.0,,37205,45416,0
pycurl,mixed,series/observations,1,3,4,200,True,,,0.10396154099726118,0.0028274580035940744,0.10685566699976334,86299,915.0,,444803,532239,0
pycurl,mixed,series/search,1,3,5,200,True,,,0.08798558299895376,0.0005228329973760992,0.088570375002746,30326,,25.0,83224,114786,0
pycurl,mixed,series/tags,1,3,6,200,True,,,0.10134620800090488,0.0001757909994921647,0.1015789169978234,1977,,14.0,10552,13749,0
pycurl,mixed,series,1,3,7,200,True,,,0.11135804199875565,7.624999852851033e-05,0.11149720899993554,1036,,1.0,4427,6678,0
pycurl,mixed,series/tags,1,3,8,200,True,,,0.10447029199713143,0.00017645800107857212,0.10471374999906402,1977,,14.0,10552,13749,0
pycurl,mixed,series/observations,1,3,9,200,True,,,0.11957845799770439,0.0005357499976526015,0.12018325000099139,7047,72.0,,37205,45416,0
pycurl,mixed,series/search,1,3,10,200,True,,,0.08588329100166447,0.0006740829994669184,0.08662674999504816,30326,,25.0,83224,114786,0
pycurl,mixed,series/observations,2,1,1,200,True,,,0.16814937500021188,0.006084665998059791,0.1743175000010524,86299,915.0,,444803,532239,0
pycurl,mixed,series,2,1,2,200,True,,,0.09881762499571778,6.199999916134402e-05,0.09894274999533081,1036,,1.0,4427,6678,0
pycurl,mixed,series/observations,2,1,3,200,True,,,0.12371958299627295,0.0004441249984665774,0.12425425000401447,7047,72.0,,37205,45416,0
pycurl,mixed,series/observations,2,1,4,200,True,,,0.09823720900021726,0.004021624998131301,0.10233220800000709,86299,915.0,,444803,532239,0
pycurl,mixed,series/search,2,1,5,200,True,,,0.10486924999713665,0.000732166001398582,0.10567633299797308,30326,,25.0,83224,114786,0
pycurl,mixed,series/tags,2,1,6,200,True,,,0.13181587500002934,0.00019862499902956188,0.13208383299934212,1977,,14.0,10552,13749,0
pycurl,mixed,series,2,1,7,200,True,,,0.07319354199717054,6.470800144597888e-05,0.07332758299889974,1036,,1.0,4427,6678,0
pycurl,mixed,series/tags,2,1,8,200,True,,,0.09298916599800577,0.00016858299932209775,0.09323220900114393,1977,,14.0,10552,13749,0
pycurl,mixed,series/observations,2,1,9,200,True,,,0.09319479199621128,0.0004635419973055832,0.09373074999894015,7047,72.0,,37205,45416,0
pycurl,mixed,series/search,2,1,10,200,True,,,0.07906245800404577,0.0007480829954147339,0.07987683299870696,30326,,25.0,83224,114786,0
pycurl,mixed,series/observations,2,2,1,200,True,,,0.16196887499972945,0.006052875003661029,0.16809804199874634,86299,915.0,,444803,532239,0
pycurl,mixed,series,2,2,2,200,True,,,0.08435879199532792,5.837500066263601e-05,0.08448183300060919,1036,,1.0,4427,6678,0
pycurl,mixed,series/observations,2,2,3,200,True,,,0.10425291699357331,0.0004705419996753335,0.10480037499655737,7047,72.0,,37205,45416,0
pycurl,mixed,series/observations,2,2,4,200,True,,,0.1292428749948158,0.005258999997749925,0.13457445899985032,86299,915.0,,444803,532239,0
pycurl,mixed,series/search,2,2,5,200,True,,,0.0925351249970845,0.0006247079945751466,0.0932219169990276,30326,,25.0,83224,114786,0
pycurl,mixed,series/tags,2,2,6,200,True,,,0.0924104579971754,0.00016762500308686867,0.09264383300615009,1977,,14.0,10552,13749,0
pycurl,mixed,series,2,2,7,200,True,,,0.08412150000367546,6.658300117123872e-05,0.08426004200009629,1036,,1.0,4427,6678,0
pycurl,mixed,series/tags,2,2,8,200,True,,,0.10122554100234993,0.00016400000458816066,0.10145183399436064,1977,,14.0,10552,13749,0
pycurl,mixed,series/observations,2,2,9,200,True,,,0.12002716700226301,0.0005169170035514981,0.1206242080006632,7047,72.0,,37205,45416,0
pycurl,mixed,series/search,2,2,10,200,True,,,0.09561004099668935,0.0007390410028165206,0.09641791699687019,30326,,25.0,83224,114786,0
pycurl,mixed,series/observations,2,3,1,200,True,,,0.17648470900167013,0.005963875002635177,0.18252920800296124,86299,915.0,,444803,532239,0
pycurl,mixed,series,2,3,2,200,True,,,0.08230629200261319,5.291699926601723e-05,0.08243279100133805,1036,,1.0,4427,6678,0
pycurl,mixed,series/observations,2,3,3,200,True,,,0.0894684579980094,0.00042308300180593506,0.0899643750017276,7047,72.0,,37205,45416,0
pycurl,mixed,series/observations,2,3,4,200,True,,,0.11029858300025808,0.0050559590017655864,0.11542475000169361,86299,915.0,,444803,532239,0
pycurl,mixed,series/search,2,3,5,200,True,,,0.11983237499953248,0.0008818749993224628,0.12079091699706623,30326,,25.0,83224,114786,0
pycurl,mixed,series/tags,2,3,6,200,True,,,0.09084462499595247,0.00017770900012692437,0.09108945800107904,1977,,14.0,10552,13749,0
pycurl,mixed,series,2,3,7,200,True,,,0.09524358300404856,6.312500045169145e-05,0.09537566699873423,1036,,1.0,4427,6678,0
pycurl,mixed,series/tags,2,3,8,200,True,,,0.11129933399934089,0.0001874999943538569,0.11155037499702303,1977,,14.0,10552,13749,0
pycurl,mixed,series/observations,2,3,9,200,True,,,0.116853750005248,0.0005360420036595315,0.11746591699920828,7047,72.0,,37205,45416,0
pycurl,mixed,series/search,2,3,10,200,True,,,0.11096920799900545,0.0007166249997681007,0.11175000000366708,30326,,25.0,83224,114786,0
pycurl,mixed,series/observations,3,1,1,200,True,,,0.1614735000039218,0.0059126249980181456,0.1674634170049103,86299,915.0,,444803,532239,0
pycurl,mixed,series,3,1,2,200,True,,,0.07843575000151759,6.770800246158615e-05,0.07857166699977824,1036,,1.0,4427,6678,0
pycurl,mixed,series/observations,3,1,3,200,True,,,0.1005777090031188,0.0004479589988477528,0.10110041600273689,7047,72.0,,37205,45416,0
pycurl,mixed,series/observations,3,1,4,200,True,,,0.09750858299958054,0.00473591700574616,0.10231233299418818,86299,915.0,,445835,533351,0
pycurl,mixed,series/search,3,1,5,200,True,,,0.11359037500369595,0.0007098749993019737,0.11436508299811976,30326,,25.0,83224,114786,0
pycurl,mixed,series/tags,3,1,6,200,True,,,0.08931300000404008,0.00016554199828533456,0.08954583400191041,1977,,14.0,10552,13749,0
pycurl,mixed,series,3,1,7,200,True,,,0.0836712499949499,5.937500100117177e-05,0.08379674999741837,1036,,1.0,4427,6678,0
pycurl,mixed,series/tags,3,1,8,200,True,,,0.13491037499625236,0.00020662500173784792,0.13517745800345438,1977,,14.0,10552,13749,0
pycurl,mixed,series/observations,3,1,9,200,True,,,0.08608024999557529,0.0004326250054873526,0.08659150000312366,7047,72.0,,37205,45416,0
pycurl,mixed,series/search,3,1,10,200,True,,,0.12774187499599066,0.0008302919959533028,0.12864437499956694,30326,,25.0,83224,114786,0
pycurl,mixed,series/observations,3,2,1,200,True,,,0.159827999996196,0.005991166006424464,0.16588833299465477,86299,915.0,,444803,532239,0
pycurl,mixed,series,3,2,2,200,True,,,0.09536570800264599,6.995900184847414e-05,0.0955139159996179,1036,,1.0,4427,6678,0
pycurl,mixed,series/observations,3,2,3,200,True,,,0.10523712499707472,0.0004600829997798428,0.10577091600134736,7047,72.0,,37205,45416,0
pycurl,mixed,series/observations,3,2,4,200,True,,,0.3839737079979386,0.007858709002903197,0.3919314590020804,86299,915.0,,444803,532239,0
pycurl,mixed,series/search,3,2,5,200,True,,,0.15749537499505095,0.0009713749968796037,0.15855049999663606,30326,,25.0,83224,114786,0
pycurl,mixed,series/tags,3,2,6,200,True,,,0.11288479199720314,0.00018599999748403206,0.11313170900393743,1977,,14.0,10552,13749,0
pycurl,mixed,series,3,2,7,200,True,,,0.10968025000329362,6.158299947855994e-05,0.10979999999835854,1036,,1.0,4427,6678,0
pycurl,mixed,series/tags,3,2,8,200,True,,,0.10622912499820814,0.0001677920008660294,0.1064658329996746,1977,,14.0,10552,13749,0
pycurl,mixed,series/observations,3,2,9,200,True,,,0.10694708400114905,0.0004779579976457171,0.10750350000307662,7047,72.0,,37205,45416,0
pycurl,mixed,series/search,3,2,10,200,True,,,0.09113733299454907,0.0006490840023616329,0.09185637499467703,30326,,25.0,83224,114786,0
pycurl,mixed,series/observations,3,3,1,200,True,,,0.21167437500116648,0.008093457996437792,0.21985095900163287,86299,915.0,,444803,532239,0
pycurl,mixed,series,3,3,2,200,True,,,0.0947347080000327,5.929199687670916e-05,0.09488087499630637,1036,,1.0,4427,6678,0
pycurl,mixed,series/observations,3,3,3,200,True,,,0.10322129200358177,0.0004624580033123493,0.10375666699837893,7047,72.0,,37205,45416,0
pycurl,mixed,series/observations,3,3,4,200,True,,,0.17297529200004647,0.0069476669959840365,0.18001691699464573,86299,915.0,,444803,532239,0
pycurl,mixed,series/search,3,3,5,200,True,,,0.16914600000018254,0.0009612499998183921,0.17018966600153362,30326,,25.0,83224,114786,0
pycurl,mixed,series/tags,3,3,6,200,True,,,0.16865316599432845,0.0002497079985914752,0.1689735420004581,1977,,14.0,10552,13749,0
pycurl,mixed,series,3,3,7,200,True,,,0.12681891700049164,7.020799966994673e-05,0.1269507920005708,1036,,1.0,4427,6678,0
pycurl,mixed,series/tags,3,3,8,200,True,,,0.12854933300695848,0.00016191699978662655,0.1287839590004296,1977,,14.0,10552,13749,0
pycurl,mixed,series/observations,3,3,9,200,True,,,0.10816641600104049,0.00029033299506409094,0.1085301669954788,7047,72.0,,37205,45416,0
pycurl,mixed,series/search,3,3,10,200,True,,,0.09749720800027717,0.0007260830025188625,0.0982885420016828,30326,,25.0,83224,114786,0
